DATE	OPEN	HIGH	LOW	CLOSE	TICKVOL	VOL	SPREAD
2015.01.04	1.19400	1.19757	1.17531	1.18402	1199986	0	9
2015.01.11	1.18497	1.18702	1.14587	1.15650	1499477	0	9
2015.01.18	1.15537	1.16796	1.11133	1.12032	1163720	0	6
2015.01.25	1.11519	1.14221	1.10964	1.12844	1134078	26232873000	1
2015.02.01	1.13109	1.15332	1.12914	1.13102	1217723	0	1
2015.02.08	1.12962	1.14421	1.12692	1.13919	999079	0	5
2015.02.15	1.13977	1.14496	1.12778	1.13785	899995	0	1
2015.02.22	1.13921	1.13956	1.11747	1.11957	871270	0	5
2015.03.01	1.11812	1.12402	1.08380	1.08433	902388	0	5
2015.03.08	1.08303	1.09061	1.04613	1.04910	1219702	0	2
2015.03.15	1.04695	1.10415	1.04692	1.08189	742379	0	1
2015.03.22	1.08403	1.10515	1.07663	1.08841	731006	0	5
2015.03.29	1.08855	1.10261	1.07119	1.09679	1041858	0	1
2015.04.05	1.10018	1.10348	1.05667	1.06030	1012211	0	1
2015.04.12	1.05853	1.08481	1.05192	1.08089	1412269	0	2
2015.04.19	1.08198	1.08996	1.06588	1.08700	1240917	0	4
2015.04.26	1.08653	1.12896	1.08183	1.11967	1467775	0	4
2015.05.03	1.11918	1.13918	1.10653	1.12085	1110937	0	1
2015.05.10	1.12002	1.14661	1.11299	1.14466	1201543	0	1
2015.05.17	1.14479	1.14488	1.10011	1.10141	1346227	0	4
2015.05.24	1.10048	1.10089	1.08185	1.09895	1296667	0	5
2015.05.31	1.09795	1.13793	1.08861	1.11163	1691447	0	1
2015.06.07	1.10965	1.13856	1.10832	1.12621	1800549	0	5
2015.06.14	1.12101	1.14360	1.11873	1.13483	1524420	0	4
2015.06.21	1.13760	1.14097	1.11289	1.11713	1419897	0	5
2015.06.28	1.10049	1.12776	1.09534	1.11038	1576142	0	4
2015.07.05	1.09917	1.12153	1.09148	1.11541	1751090	0	4
2015.07.12	1.10935	1.11963	1.08274	1.08299	1501455	0	5
2015.07.19	1.08304	1.10180	1.08074	1.09762	1423984	362240361000	4
2015.07.26	1.09798	1.11292	1.08923	1.09831	1457642	974474696000	5
2015.08.02	1.09734	1.09957	1.08470	1.09640	1348828	966121143000	5
2015.08.09	1.09639	1.12137	1.09242	1.11100	1335961	819337173000	4
2015.08.16	1.11188	1.13884	1.10160	1.13865	1461375	1017363513000	7
2015.08.23	1.13779	1.17153	1.11546	1.11803	2515948	1239910391000	7
2015.08.30	1.11725	1.13318	1.10862	1.11469	1615590	1053585481000	7
2015.09.06	1.11639	1.13493	1.11207	1.13395	1468527	1042566194000	7
2015.09.13	1.13318	1.14600	1.12130	1.12985	1398995	1051991774000	7
2015.09.20	1.12828	1.13298	1.11046	1.11994	1520623	1103243120000	7
2015.09.27	1.11863	1.13181	1.11339	1.12095	1526541	1104037547000	4
2015.10.04	1.12194	1.13869	1.11710	1.13569	1479197	1157952219000	7
2015.10.11	1.13605	1.14949	1.13332	1.13474	1279577	1001400043000	0
2015.10.18	1.13588	1.13868	1.09955	1.10169	1401036	1056362226000	0
2015.10.25	1.10014	1.10955	1.08958	1.10050	1426968	998918622000	0
2015.11.01	1.10356	1.10527	1.07047	1.07390	1318423	1028290494000	0
2015.11.08	1.07288	1.08301	1.06732	1.07668	1503066	1151847160000	4
2015.11.15	1.07398	1.07628	1.06158	1.06451	1465773	1169431244000	0
2015.11.22	1.06370	1.06890	1.05647	1.05938	1336958	1106521506000	0
2015.11.29	1.05880	1.09807	1.05208	1.08779	1744832	1277493798000	0
2015.12.06	1.08708	1.10427	1.07950	1.09894	1654199	1169925620000	0
2015.12.13	1.09832	1.10593	1.08018	1.08613	1793265	1109525424000	0
2015.12.20	1.08529	1.09839	1.08457	1.09542	836074	525707000000	0
2015.12.27	1.09525	1.09922	1.08526	1.08609	687421	393275347000	0
2016.01.03	1.08726	1.09462	1.07104	1.09245	1672462	1045732118000	0
2016.01.10	1.09178	1.09844	1.08038	1.09132	1779830	1184991337000	0
2016.01.17	1.09210	1.09757	1.07753	1.07965	1741038	1267112159000	0
2016.01.24	1.07922	1.09674	1.07880	1.08300	1659615	1226848883000	0
2016.01.31	1.08315	1.12468	1.08138	1.11578	1898339	1156869325000	7
2016.02.07	1.11416	1.13761	1.10854	1.12503	2597962	1570629651000	0
2016.02.14	1.12357	1.12501	1.10655	1.11279	1683565	1162700962000	0
2016.02.21	1.11114	1.11244	1.09107	1.09289	1325055	1346267948000	0
2016.02.28	1.09150	1.10430	1.08245	1.10064	1304543	1294798473000	5
2016.03.06	1.09893	1.12246	1.08219	1.11462	1227016	1138397791000	7
2016.03.13	1.11371	1.13422	1.10567	1.12688	1172324	1037497424000	7
2016.03.20	1.12618	1.12844	1.11430	1.11613	677898	619370105000	0
2016.03.27	1.11638	1.14377	1.11519	1.13897	939569	1100086194000	0
2016.04.03	1.13998	1.14538	1.13257	1.13949	1019104	1167652531000	0
2016.04.10	1.14154	1.14645	1.12328	1.12827	936875	1117953972000	0
2016.04.17	1.13016	1.13985	1.12154	1.12154	910252	928885394000	0
2016.04.24	1.12173	1.14590	1.12145	1.14504	980497	1005182827000	0
2016.05.01	1.14599	1.16159	1.13844	1.14009	1003749	1006926690000	0
2016.05.08	1.13940	1.14462	1.12819	1.13088	835777	923741939000	0
2016.05.15	1.13113	1.13482	1.11789	1.12217	895850	975842437000	0
2016.05.22	1.12164	1.12426	1.11099	1.11130	862486	945348903000	0
2016.05.29	1.11113	1.13732	1.10707	1.13662	981958	1092454860000	0
2016.06.05	1.13549	1.14151	1.12442	1.12533	983375	1109153421000	0
2016.06.12	1.12498	1.13027	1.11299	1.12752	1144490	1257660956000	0
2016.06.19	1.13330	1.14278	1.09107	1.10912	1355363	1254913379000	0
2016.06.26	1.10207	1.11689	1.09696	1.11361	1311584	1151508206000	0
2016.07.03	1.11313	1.11862	1.10006	1.10497	975816	948433605000	0
2016.07.10	1.10491	1.11644	1.10147	1.10244	1053574	1159419978000	7
2016.07.17	1.10521	1.10839	1.09544	1.09747	888573	1001440969000	0
2016.07.24	1.09696	1.11973	1.09314	1.11743	903209	843636056000	0
2016.07.31	1.11734	1.12334	1.10447	1.10867	806367	633113435000	0
2016.08.07	1.10806	1.12209	1.10674	1.11634	732249	717535719000	0
2016.08.14	1.11684	1.13661	1.11526	1.13237	844463	701472710000	0
2016.08.21	1.13074	1.13548	1.11784	1.11856	795115	635970455000	0
2016.08.28	1.11810	1.12518	1.11221	1.11449	809877	568171727000	0
2016.09.04	1.11561	1.13266	1.11375	1.12235	842977	570044022000	0
2016.09.11	1.12344	1.12833	1.11435	1.11535	944439	710757979000	0
2016.09.18	1.11480	1.12569	1.11203	1.12149	881636	613398528000	0
2016.09.25	1.12252	1.12814	1.11531	1.12399	945732	698532644000	0
2016.10.02	1.12311	1.12451	1.11033	1.11931	1031927	818328606000	0
2016.10.09	1.11844	1.12028	1.09696	1.09711	974645	729971018000	0
2016.10.16	1.09695	1.10388	1.08584	1.08736	815491	528429980000	0
2016.10.23	1.08811	1.09915	1.08500	1.09745	837074	461163697000	0
2016.10.30	1.09896	1.11415	1.09347	1.11375	904532	524165897000	7
2016.11.06	1.10653	1.13024	1.08301	1.08503	1387790	769834929000	0
2016.11.13	1.08408	1.08465	1.05687	1.05826	1320016	742604716000	0
2016.11.20	1.05934	1.06646	1.05176	1.05772	1187100	651453839000	0
2016.11.27	1.06081	1.06925	1.05521	1.06538	1196144	596483440000	0
2016.12.04	1.06211	1.08752	1.05044	1.05515	1026705	399881066000	0
2016.12.11	1.05323	1.06698	1.03660	1.04401	1091650	466257327000	0
2016.12.18	1.04415	1.04989	1.03519	1.04700	850812	444444138000	0
2016.12.25	1.04543	1.06545	1.03249	1.05068	767664	408280780000	0
2017.01.01	1.05144	1.06207	1.03369	1.05235	1076911	565849726000	0
2017.01.08	1.05293	1.06844	1.04520	1.06420	1281849	605362533000	0
2017.01.15	1.06092	1.07190	1.05781	1.06982	1252179	628102585000	0
2017.01.22	1.07050	1.07745	1.06540	1.06968	1145098	620748223000	0
2017.01.29	1.07143	1.08284	1.06166	1.07789	1201885	648006387000	0
2017.02.05	1.07847	1.07906	1.06066	1.06377	1014045	552229953000	0
2017.02.12	1.06277	1.06790	1.05204	1.06056	965789	547448540000	0
2017.02.19	1.06067	1.06326	1.04926	1.05513	888287	490228213000	0
2017.02.26	1.05630	1.06304	1.04938	1.06166	994121	560070315000	0
2017.03.05	1.06080	1.06988	1.05241	1.06712	939616	549932975000	7
2017.03.12	1.06770	1.07821	1.05990	1.07362	974736	554239612000	0
2017.03.19	1.07331	1.08245	1.07182	1.07957	895209	519053752000	0
2017.03.26	1.08308	1.09057	1.06462	1.06462	836766	507631907000	0
2017.04.02	1.06582	1.06887	1.05802	1.05884	869428	485949092000	0
2017.04.09	1.05850	1.06773	1.05695	1.06096	719508	394830406000	0
2017.04.16	1.06120	1.07773	1.06022	1.07266	753384	433312174000	0
2017.04.23	1.09101	1.09506	1.08204	1.08921	985271	495241435000	0
2017.04.30	1.09074	1.09988	1.08745	1.09863	827825	454405346000	0
2017.05.07	1.10186	1.10220	1.08387	1.09268	911004	524230552000	0
2017.05.14	1.09285	1.12115	1.09222	1.11740	1079838	613359886000	0
2017.05.21	1.11912	1.12680	1.11601	1.11733	1023377	548471307000	0
2017.05.28	1.11656	1.12848	1.11092	1.12784	876244	465406907000	0
2017.06.04	1.12704	1.12838	1.11660	1.11935	878931	0	7
2017.06.11	1.12042	1.12955	1.11317	1.11961	867330	0	7
2017.06.18	1.12067	1.12125	1.11185	1.11928	763740	0	7
2017.06.25	1.11960	1.14451	1.11713	1.14254	1059665	0	7
2017.07.02	1.14175	1.14395	1.13120	1.13954	827206	0	7
2017.07.09	1.13967	1.14891	1.13698	1.14666	873257	0	7
2017.07.16	1.14680	1.16825	1.14343	1.16623	989447	0	7
2017.07.23	1.16620	1.17765	1.16119	1.17494	1048113	0	7
2017.07.30	1.17456	1.19100	1.17227	1.17719	1004066	0	7
2017.08.06	1.17721	1.18468	1.16885	1.18189	919734	0	7
2017.08.13	1.18215	1.18380	1.16618	1.17578	981823	0	7
2017.08.20	1.17576	1.19411	1.17307	1.19209	807142	0	7
2017.08.27	1.19420	1.20699	1.18227	1.18627	1065101	0	7
2017.09.03	1.18836	1.20921	1.18677	1.20337	1102626	0	7
2017.09.10	1.20144	1.20292	1.18370	1.19447	991273	1054193000	0
2017.09.17	1.19209	1.20336	1.18608	1.19465	1007052	0	0
2017.09.24	1.18968	1.19366	1.17166	1.18131	1047926	0	0
2017.10.01	1.17894	1.18151	1.16688	1.17290	852247	0	0
2017.10.08	1.17270	1.18797	1.17191	1.18195	708553	0	0
2017.10.15	1.18102	1.18579	1.17298	1.17811	766306	0	0
2017.10.22	1.17636	1.18367	1.15737	1.16075	844671	0	0
2017.10.29	1.16064	1.16906	1.15931	1.16066	724054	0	0
2017.11.05	1.16116	1.16779	1.15537	1.16637	1038596	0	0
2017.11.12	1.16524	1.18603	1.16369	1.17884	1144811	0	0
2017.11.19	1.17838	1.19443	1.17126	1.19287	1019111	0	0
2017.11.26	1.19247	1.19611	1.18085	1.18919	1338732	0	0
2017.12.03	1.18618	1.18786	1.17296	1.17731	982429	0	0
2017.12.10	1.17645	1.18625	1.17170	1.17505	985742	0	0
2017.12.17	1.17406	1.19017	1.17369	1.18630	1285011	0	0
2017.12.24	1.18634	1.20255	1.18461	1.20045	743076	0	1
2017.12.31	1.20069	1.20889	1.20007	1.20298	1052705	0	1
2018.01.07	1.20266	1.22185	1.19152	1.22000	1724416	0	1
2018.01.14	1.21933	1.23231	1.21645	1.22224	2044171	0	1
2018.01.21	1.22692	1.25378	1.22133	1.24264	2375649	0	0
2018.01.28	1.24221	1.25220	1.23348	1.24560	2373900	0	1
2018.02.04	1.24329	1.24749	1.22052	1.22498	2824452	0	1
2018.02.11	1.22473	1.25554	1.22345	1.24105	2067065	0	1
2018.02.18	1.24005	1.24352	1.22593	1.22935	1825898	0	1
2018.02.25	1.22930	1.23550	1.21543	1.23184	1845482	0	1
2018.03.04	1.23241	1.24462	1.22687	1.23053	1832431	0	1
2018.03.11	1.23097	1.24125	1.22597	1.22889	1508746	0	1
2018.03.18	1.22821	1.23885	1.22395	1.23514	1714680	0	1
2018.03.25	1.23484	1.24763	1.22763	1.23218	1375766	0	1
2018.04.01	1.23203	1.23450	1.22146	1.22809	1270440	0	1
2018.04.08	1.22847	1.23964	1.22598	1.23290	1334444	0	1
2018.04.15	1.23290	1.24137	1.22355	1.22873	1191926	0	1
2018.04.22	1.22707	1.22895	1.20543	1.21293	1387540	0	1
2018.04.29	1.21230	1.21387	1.19105	1.19609	1357102	0	1
2018.05.06	1.19512	1.19780	1.18218	1.19417	1177198	0	1
2018.05.13	1.19407	1.19961	1.17490	1.17705	1308427	0	1
2018.05.20	1.17683	1.18297	1.16417	1.16492	1390139	0	1
2018.05.27	1.16845	1.17284	1.15093	1.16596	1763760	0	0
2018.06.03	1.16556	1.18398	1.16518	1.17693	1475258	0	0
2018.06.10	1.17720	1.18519	1.15425	1.16070	1567447	0	1
2018.06.17	1.15858	1.16749	1.15078	1.16539	1723062	0	1
2018.06.24	1.16607	1.17205	1.15263	1.16831	1902555	0	1
2018.07.01	1.16646	1.17679	1.15905	1.17435	808798	0	1
2018.07.08	1.17358	1.17908	1.16122	1.16856	832234	0	1
2018.07.15	1.16885	1.17446	1.15742	1.17209	952690	0	0
2018.07.22	1.17260	1.17498	1.16199	1.16565	728982	0	3
2018.07.29	1.16528	1.17455	1.15596	1.15672	632950	0	2
2018.08.05	1.15669	1.16278	1.13872	1.14111	632816	0	2
2018.08.12	1.13717	1.14445	1.13001	1.14381	804064	0	2
2018.08.19	1.14327	1.16394	1.13934	1.16218	728902	0	2
2018.08.26	1.16145	1.17333	1.15837	1.16021	755945	0	2
2018.09.02	1.15916	1.16588	1.15292	1.15526	710876	0	2
2018.09.09	1.15475	1.17213	1.15255	1.16219	631469	0	2
2018.09.16	1.16208	1.18024	1.16170	1.17537	693552	0	3
2018.09.23	1.17392	1.18148	1.15691	1.16020	720192	0	2
2018.09.30	1.16156	1.16243	1.14624	1.15234	763320	0	3
2018.10.07	1.15198	1.16101	1.14313	1.15584	820403	0	2
2018.10.14	1.15362	1.16209	1.14322	1.15142	770740	0	2
2018.10.21	1.15143	1.15498	1.13349	1.14021	819054	0	2
2018.10.28	1.13871	1.14555	1.13012	1.13859	748301	0	3
2018.11.04	1.13861	1.14994	1.13157	1.13343	787097	0	2
2018.11.11	1.13166	1.14199	1.12150	1.14140	875735	0	3
2018.11.18	1.14121	1.14719	1.13266	1.13296	622384	0	2
2018.11.25	1.13364	1.14013	1.12665	1.13155	716569	0	2
2018.12.02	1.13481	1.14233	1.13100	1.13962	750947	0	2
2018.12.09	1.13895	1.14423	1.12691	1.13053	778213	0	2
2018.12.16	1.12984	1.14855	1.12957	1.13665	763550	0	2
2018.12.23	1.13683	1.14723	1.13420	1.14398	535248	0	2
2018.12.30	1.14344	1.14967	1.13083	1.13955	618429	0	2
2019.01.06	1.13938	1.15698	1.13938	1.14626	697688	0	2
2019.01.13	1.14565	1.14893	1.13523	1.13655	660532	0	3
2019.01.20	1.13591	1.14172	1.12885	1.14051	631804	0	3
2019.01.27	1.13993	1.15139	1.13891	1.14529	667439	0	2
2019.02.03	1.14499	1.14600	1.13182	1.13217	512305	0	2
2019.02.10	1.13180	1.13410	1.12335	1.12905	541259	0	2
2019.02.17	1.12907	1.13707	1.12746	1.13303	556011	0	3
2019.02.24	1.13329	1.14192	1.13270	1.13626	563202	0	2
2019.03.03	1.13814	1.13815	1.11756	1.12324	558783	0	2
2019.03.10	1.12275	1.13439	1.12209	1.13237	566589	0	2
2019.03.17	1.13193	1.14477	1.12729	1.13006	552069	0	0
2019.03.24	1.12870	1.13310	1.12091	1.12166	609312	0	2
2019.03.31	1.12238	1.12543	1.11827	1.12152	484836	0	3
2019.04.07	1.12130	1.13235	1.12091	1.12981	438743	0	2
2019.04.14	1.13027	1.13234	1.12246	1.12388	412705	0	2
2019.04.21	1.12390	1.12616	1.11105	1.11420	440851	0	2
2019.04.28	1.11428	1.12644	1.11346	1.12021	471669	0	2
2019.05.05	1.11677	1.12532	1.11651	1.12333	563071	0	3
2019.05.12	1.12290	1.12631	1.11543	1.11565	477469	0	2
2019.05.19	1.11589	1.12118	1.11064	1.12044	443175	0	3
2019.05.26	1.12082	1.12150	1.11151	1.11676	431347	0	1
2019.06.02	1.11590	1.13474	1.11530	1.13322	597094	0	1
2019.06.09	1.13205	1.13430	1.12016	1.12103	498914	0	3
2019.06.16	1.12086	1.13773	1.11804	1.13699	667611	0	1
2019.06.23	1.13686	1.14116	1.13436	1.13693	649784	0	2
2019.06.30	1.13581	1.13707	1.12064	1.12248	503119	0	2
2019.07.07	1.12211	1.12857	1.11925	1.12699	483680	0	1
2019.07.14	1.12654	1.12838	1.11989	1.12194	497376	0	1
2019.07.21	1.12140	1.12252	1.11004	1.11270	465559	0	2
2019.07.28	1.11230	1.11620	1.10261	1.11050	656754	0	2
2019.08.04	1.11000	1.12495	1.10995	1.11998	787720	0	2
2019.08.11	1.11960	1.12306	1.10654	1.10893	705117	0	1
2019.08.18	1.10913	1.11531	1.10511	1.11386	563197	0	1
2019.08.25	1.11468	1.11639	1.09626	1.09893	675017	0	1
2019.09.01	1.09890	1.10846	1.09256	1.10245	586101	0	1
2019.09.08	1.10259	1.11094	1.09262	1.10697	502331	0	1
2019.09.15	1.10723	1.10863	1.09896	1.10187	509664	0	1
2019.09.22	1.10152	1.10253	1.09038	1.09411	409260	0	1
2019.09.29	1.09410	1.09992	1.08784	1.09772	344535	0	1
2019.10.06	1.09769	1.10627	1.09406	1.10360	452094	0	1
2019.10.13	1.10371	1.11727	1.09906	1.11689	475119	0	1
2019.10.20	1.11558	1.11793	1.10724	1.10794	341712	0	1
2019.10.27	1.10797	1.11756	1.10729	1.11648	365046	0	1
2019.11.03	1.11647	1.11753	1.10161	1.10189	364353	0	1
2019.11.10	1.10224	1.10567	1.09884	1.10515	299237	0	1
2019.11.17	1.10477	1.10969	1.10138	1.10182	306074	0	1
2019.11.24	1.10162	1.10320	1.09806	1.10152	270658	0	1
2019.12.01	1.10220	1.11161	1.10024	1.10595	310997	0	1
2019.12.08	1.10543	1.11993	1.10527	1.11173	368924	0	1
2019.12.15	1.11239	1.11745	1.10658	1.10751	321504	0	1
2019.12.22	1.10775	1.11882	1.10686	1.11760	209608	0	1
2019.12.29	1.11728	1.12392	1.11251	1.11559	191832	0	1
2020.01.05	1.11642	1.12056	1.10852	1.11213	146994	0	1
2020.01.12	1.11182	1.11727	1.10863	1.10895	118239	0	1
2020.01.19	1.10901	1.11178	1.10200	1.10260	126028	0	1
2020.01.26	1.10297	1.10951	1.09923	1.10948	129076	0	1
2020.02.02	1.10911	1.10924	1.09419	1.09429	135418	0	1
2020.02.09	1.09420	1.09574	1.08271	1.08306	130472	0	1
2020.02.16	1.08409	1.08634	1.07776	1.08476	153798	0	1
2020.02.23	1.08237	1.10528	1.08050	1.10293	290849	0	1
2020.03.01	1.10437	1.13546	1.10362	1.12902	347805	0	1
2020.03.08	1.13435	1.14946	1.10549	1.11025	512584	0	1
2020.03.15	1.11358	1.12364	1.06375	1.06935	622560	0	1
2020.03.22	1.06998	1.11464	1.06355	1.11431	361994	0	1
2020.03.29	1.11132	1.11439	1.07727	1.08127	255337	0	1
2020.04.05	1.08113	1.09521	1.07683	1.09345	195178	0	1
2020.04.12	1.09428	1.09907	1.08119	1.08739	179858	0	1
2020.04.19	1.08645	1.08965	1.07270	1.08244	171409	0	1
2020.04.26	1.08215	1.10175	1.08096	1.09802	170281	0	1
2020.05.03	1.09662	1.09736	1.07666	1.08393	167319	0	1
2020.05.10	1.08258	1.08965	1.07750	1.08187	179520	0	1
2020.05.17	1.08078	1.10083	1.08000	1.09025	164618	0	1
2020.05.24	1.08986	1.11450	1.08708	1.11078	184208	0	1
2020.05.31	1.11165	1.13837	1.11007	1.12879	236097	0	1
2020.06.07	1.12970	1.14223	1.12126	1.12607	253326	0	1
2020.06.14	1.12372	1.13534	1.11683	1.11769	237118	0	1
2020.06.21	1.11815	1.13485	1.11686	1.12182	203838	0	1
2020.06.28	1.12198	1.13027	1.11852	1.12475	187422	0	1
2020.07.05	1.12432	1.13705	1.12424	1.12969	188109	0	1
2020.07.12	1.13039	1.14520	1.13010	1.14262	201050	0	1
2020.07.19	1.14114	1.16575	1.14026	1.16552	226882	0	1
2020.07.26	1.16426	1.19086	1.16415	1.17721	263097	0	1
2020.08.02	1.17733	1.19150	1.16962	1.17859	235930	0	1
2020.08.09	1.17878	1.18641	1.17111	1.18413	212882	0	1
2020.08.16	1.18396	1.19657	1.17545	1.17968	211065	0	1
2020.08.23	1.17926	1.19198	1.17627	1.19059	212077	0	1
2020.08.30	1.19023	1.20111	1.17811	1.18395	222621	0	1
2020.09.06	1.18457	1.19171	1.17530	1.18462	208913	0	1
2020.09.13	1.18371	1.19003	1.17378	1.18417	186730	0	1
2020.09.20	1.18447	1.18717	1.16126	1.16296	210447	0	1
2020.09.27	1.16228	1.17697	1.16152	1.17167	206011	0	1
2020.10.04	1.17137	1.18305	1.17060	1.18293	173692	0	1
2020.10.11	1.18173	1.18267	1.16886	1.17163	169543	0	1
2020.10.18	1.17185	1.18808	1.17032	1.18600	171776	0	1
2020.10.25	1.18522	1.18598	1.16401	1.16466	185910	0	1
2020.11.01	1.16472	1.18910	1.16029	1.18751	232991	0	1
2020.11.08	1.18882	1.19200	1.17457	1.18330	216257	0	1
2020.11.15	1.18373	1.18937	1.18142	1.18594	169632	0	1
2020.11.22	1.18516	1.19631	1.18005	1.19606	156305	0	1
2020.11.29	1.19620	1.21775	1.19240	1.21205	191628	0	1
2020.12.06	1.21255	1.21662	1.20591	1.21131	191002	0	1
2020.12.13	1.21346	1.22728	1.21158	1.22541	174775	0	1
2020.12.20	1.22244	1.22569	1.21299	1.21959	154072	0	1
2020.12.27	1.21856	1.23098	1.21789	1.22178	134205	0	1
2021.01.03	1.22310	1.23493	1.21931	1.22219	242887	0	1
2021.01.10	1.22155	1.22229	1.20752	1.20771	208290	0	1
2021.01.17	1.20782	1.21896	1.20537	1.21707	172888	0	1
2021.01.24	1.21690	1.21832	1.20588	1.21356	207488	0	1
2021.01.31	1.21308	1.21365	1.19524	1.20495	172428	0	1
2021.02.07	1.20396	1.21494	1.20199	1.21191	140193	0	1
2021.02.14	1.21233	1.21694	1.20233	1.21176	143320	0	1
2021.02.21	1.21206	1.22428	1.20623	1.20726	209478	0	1
2021.02.28	1.20705	1.21130	1.18933	1.19123	204558	0	1
2021.03.07	1.19185	1.19899	1.18357	1.19521	185940	0	1
2021.03.14	1.19475	1.19888	1.18740	1.19046	155722	0	1
2021.03.21	1.18754	1.19467	1.17620	1.17935	149336	0	1
2021.03.28	1.17920	1.17939	1.17041	1.17614	118351	0	1
2021.04.04	1.17559	1.19272	1.17380	1.19009	123715	0	1
2021.04.11	1.18925	1.19947	1.18712	1.19812	130566	0	1
2021.04.18	1.19737	1.21000	1.19426	1.20976	133875	0	1
2021.04.25	1.20932	1.21498	1.20166	1.20209	128869	0	1
2021.05.02	1.20269	1.21714	1.19862	1.21620	129309	0	1
2021.05.09	1.21635	1.21815	1.20515	1.21445	165327	0	1
2021.05.16	1.21367	1.22450	1.21261	1.21806	149535	0	1
2021.05.23	1.21786	1.22664	1.21328	1.21895	145429	0	1
2021.05.30	1.21998	1.22544	1.21040	1.21662	130914	0	1
2021.06.06	1.21626	1.22179	1.20928	1.21063	127820	0	1
2021.06.13	1.21048	1.21473	1.18474	1.18597	157915	0	1
2021.06.20	1.18575	1.19753	1.18478	1.19373	155756	0	1
2021.06.27	1.19339	1.19445	1.18076	1.18646	144319	0	1
2021.07.04	1.18603	1.18951	1.17818	1.18774	159937	0	1
2021.07.11	1.18749	1.18802	1.17720	1.18057	145875	0	1
2021.07.18	1.18080	1.18305	1.17521	1.17694	152261	0	1
2021.07.25	1.17721	1.19087	1.17634	1.18731	139577	0	1
2021.08.01	1.18638	1.18998	1.17545	1.17612	122668	0	1
2021.08.08	1.17550	1.18047	1.17061	1.17961	108906	0	1
2021.08.15	1.17939	1.18008	1.16640	1.16996	125528	0	1
2021.08.22	1.16927	1.18024	1.16905	1.17959	121204	0	1
2021.08.29	1.17934	1.19091	1.17828	1.18775	122937	0	1
2021.09.05	1.18759	1.18864	1.18022	1.18109	128921	0	1
2021.09.12	1.18143	1.18458	1.17246	1.17258	136846	0	1
2021.09.19	1.17269	1.17555	1.16835	1.17211	149124	0	1
2021.09.26	1.17254	1.17258	1.15627	1.15931	188654	0	1
2021.10.03	1.15984	1.16399	1.15293	1.15740	193087	0	0
2021.10.10	1.15702	1.16243	1.15244	1.15984	169614	0	2
2021.10.17	1.15918	1.16692	1.15717	1.16440	194962	0	2
2021.10.24	1.16428	1.16920	1.15352	1.15623	227517	0	2
2021.10.31	1.15577	1.16164	1.15133	1.15669	236522	0	2
2021.11.07	1.15592	1.16086	1.14329	1.14432	205749	0	2
2021.11.14	1.14468	1.14639	1.12500	1.12832	214055	0	2
2021.11.21	1.12906	1.13302	1.11863	1.13227	236147	0	2
2021.11.28	1.13058	1.13827	1.12353	1.13090	270280	0	2
2021.12.05	1.13019	1.13547	1.12275	1.13169	197011	0	2
2021.12.12	1.13121	1.13603	1.12221	1.12377	202165	0	2
2021.12.19	1.12367	1.13434	1.12347	1.13170	166675	0	2
2021.12.26	1.13107	1.13863	1.12736	1.13779	129598	0	2
2022.01.02	1.13648	1.13783	1.12723	1.13594	191406	0	2
2022.01.09	1.13559	1.14828	1.12851	1.14157	203025	0	2
2022.01.16	1.14129	1.14343	1.13009	1.13422	203403	0	2
2022.01.23	1.13405	1.13450	1.11214	1.11474	215838	0	2
2022.01.30	1.11430	1.14837	1.11384	1.14517	195197	0	2
2022.02.06	1.14557	1.14948	1.13298	1.13476	221585	0	2
2022.02.13	1.13386	1.13958	1.12801	1.13229	217811	0	2
2022.02.20	1.13190	1.13905	1.11065	1.12720	300487	0	2
2022.02.27	1.11402	1.12464	1.08862	1.09308	349515	0	2
2022.03.06	1.09271	1.11210	1.08061	1.09141	285893	0	2
2022.03.13	1.09220	1.11375	1.09006	1.10493	230162	0	2
2022.03.20	1.10575	1.10699	1.09609	1.09852	232091	0	2
2022.03.27	1.09859	1.11847	1.09448	1.10453	324284	0	2
2022.04.03	1.10384	1.10543	1.08364	1.08750	254721	0	2
2022.04.10	1.09085	1.09332	1.07576	1.08086	253472	0	2
2022.04.17	1.08036	1.09363	1.07612	1.08012	276206	0	2
2022.04.24	1.08067	1.08147	1.04714	1.05464	354590	0	2
2022.05.01	1.05454	1.06418	1.04828	1.05440	338431	0	2
2022.05.08	1.05410	1.05924	1.03498	1.04081	364740	0	2
2022.05.15	1.04039	1.06070	1.03891	1.05590	295244	0	2
2022.05.22	1.05603	1.07650	1.05550	1.07312	279790	0	2
2022.05.29	1.07328	1.07868	1.06272	1.07169	255819	0	2
2022.06.05	1.07171	1.07738	1.05059	1.05211	287080	0	2
2022.06.12	1.05148	1.06013	1.03591	1.04967	454771	0	2
2022.06.19	1.04820	1.06055	1.04691	1.05539	333011	0	2
2022.06.26	1.05484	1.06147	1.03662	1.04266	333379	0	2
2022.07.03	1.04208	1.04627	1.00720	1.01835	336519	0	2
2022.07.10	1.01750	1.01837	0.99522	1.00860	381004	0	2
2022.07.17	1.00860	1.02779	1.00786	1.01979	353092	0	2
2022.07.24	1.02121	1.02578	1.00966	1.02264	341472	0	2
2022.07.31	1.02142	1.02938	1.01227	1.01780	345895	0	2
2022.08.07	1.01741	1.03684	1.01592	1.02567	271955	0	2
2022.08.14	1.02572	1.02682	1.00320	1.00394	267776	0	2
2022.08.21	1.00374	1.00898	0.99006	0.99651	279998	0	2
2022.08.28	0.99652	1.00791	0.99108	0.99574	309691	0	2
2022.09.04	0.99286	1.01132	0.98640	1.00462	296989	0	2
2022.09.11	1.00918	1.01977	0.99451	1.00133	284346	0	2
2022.09.18	1.00125	1.00505	0.96680	0.96889	306896	0	2
2022.09.25	0.96695	0.98538	0.95360	0.97997	444808	0	2
2022.10.02	0.97970	0.99995	0.97262	0.97381	395644	0	2
2022.10.09	0.97330	0.98088	0.96316	0.97237	644877	0	2
2022.10.16	0.97218	0.98758	0.97047	0.98629	706409	0	2
2022.10.23	0.98735	1.00938	0.98068	0.99660	714609	0	2
2022.10.30	0.99584	0.99761	0.97301	0.99593	564259	0	2
2022.11.06	0.99098	1.03642	0.99076	1.03537	578907	0	2
2022.11.13	1.03340	1.04818	1.02714	1.03197	602386	0	2
2022.11.20	1.03213	1.04486	1.02226	1.03850	428476	0	2
2022.11.27	1.03732	1.05451	1.02902	1.05409	576784	0	2
2022.12.04	1.05319	1.05948	1.04431	1.05339	506867	0	2
2022.12.11	1.05298	1.07360	1.05058	1.05897	524042	0	2
2022.12.18	1.05873	1.06593	1.05731	1.06168	473530	0	2
2022.12.25	1.06345	1.07131	1.06066	1.06999	295353	0	2
2023.01.01	1.06994	1.07073	1.04819	1.06428	461559	0	2
2023.01.08	1.06401	1.08679	1.06356	1.08326	482005	0	2
2023.01.15	1.08290	1.08874	1.07659	1.08557	459593	0	2
2023.01.22	1.08619	1.09294	1.08351	1.08674	377710	0	2
2023.01.29	1.08604	1.10329	1.07925	1.07932	449155	0	2
2023.02.05	1.07854	1.07990	1.06662	1.06781	409577	0	2
2023.02.12	1.06774	1.08044	1.06127	1.06936	446759	0	2
2023.02.19	1.06859	1.07045	1.05361	1.05446	392157	0	2
2023.02.26	1.05454	1.06914	1.05329	1.06331	403551	0	2
2023.03.05	1.06248	1.07007	1.05241	1.06383	443921	0	2
2023.03.12	1.06809	1.07597	1.05160	1.06651	702951	0	2
2023.03.19	1.06800	1.09297	1.06313	1.07601	465704	0	2
2023.03.26	1.07707	1.09263	1.07449	1.08426	320691	0	2
2023.04.02	1.08402	1.09733	1.07882	1.08985	287758	0	2
2023.04.09	1.09004	1.10759	1.08313	1.09948	287740	0	2
2023.04.16	1.09903	1.09998	1.09091	1.09895	284413	0	2
2023.04.23	1.09890	1.10955	1.09626	1.10166	333645	0	2
2023.04.30	1.10195	1.10916	1.09420	1.10183	332934	0	2
2023.05.07	1.10139	1.10536	1.08479	1.08499	273508	0	2
2023.05.14	1.08533	1.09046	1.07599	1.08047	263889	0	2
2023.05.21	1.08048	1.08312	1.07017	1.07255	295865	0	2
2023.05.28	1.07204	1.07789	1.06351	1.07060	270113	0	2
2023.06.04	1.07059	1.07870	1.06669	1.07495	247409	0	2
2023.06.11	1.07472	1.09707	1.07331	1.09409	282208	0	2
2023.06.18	1.09314	1.10119	1.08444	1.08942	272454	0	2
2023.06.25	1.08995	1.09767	1.08352	1.09106	286490	0	2
2023.07.02	1.09105	1.09731	1.08335	1.09662	268675	0	2
2023.07.09	1.09559	1.12448	1.09434	1.12285	314692	0	2
2023.07.16	1.12224	1.12757	1.11077	1.11254	309563	0	2
2023.07.23	1.11213	1.11496	1.09435	1.10164	371556	0	2
2023.07.30	1.10170	1.10458	1.09121	1.10111	351833	0	2
2023.08.06	1.10120	1.10647	1.09289	1.09477	293958	0	2
2023.08.13	1.09493	1.09601	1.08449	1.08720	349464	0	2
2023.08.20	1.08720	1.09303	1.07656	1.07937	317401	0	2
2023.08.27	1.07956	1.09454	1.07722	1.07731	313614	0	2
2023.09.03	1.07742	1.08088	1.06860	1.07002	260352	0	2
2023.09.10	1.07137	1.07688	1.06317	1.06626	298743	0	2
2023.09.17	1.06598	1.07367	1.06148	1.06440	270776	0	2
2023.09.24	1.06502	1.06555	1.04880	1.05730	306630	0	2
2023.10.01	1.05659	1.05917	1.04482	1.04678	141509	0	2
