id	symbol	type	entry	sl	tp	lots	spread	tradeid	stamp	activated	openprice	swap	profit	closed	commision	strategy
1	AUDNZD	buy	1.08067	1.0783508170702465	1.0829891829297535	0.1	0	0	2023-11-15 15:15:02.292424 +00:00	2023.11.15 18:26:19	1.08157	0	0	""	0	VHMA
2	EURCHF	buy	0.96323	0.9615023822239656	0.9649576177760345	0.1	0	0	2023-11-15 15:30:03.803475 +00:00	2023.11.15 18:26:24	0.96314	0	0	""	0	SSL Hybrid
3	XAGUSD	buy	23.372	23.120959764126194	23.623040235873805	0.1	0	0	2023-11-15 15:30:08.463294 +00:00	2023.11.15 18:26:30	23.45	0	0	""	0	VHMA
4	GBPUSD	buy	1.24421	1.2397726148020425	1.2486473851979576	0.1	0	0	2023-11-15 16:00:05.657811 +00:00	2023.11.15 18:26:34	1.24518	0	0	""	0	SSL Hybrid
5	GBPUSD	buy	1.24421	1.2405402544538608	1.2478797455461392	0.1	0	0	2023-11-15 16:00:07.176060 +00:00	2023.11.15 18:26:40	1.24513	0	0	""	0	VHMA
6	GBPUSD	buy	1.24421	1.239330652466654	1.249089347533346	0.1	0	0	2023-11-15 16:00:09.407986 +00:00	2023.11.15 18:26:45	1.24512	0	0	""	0	AI Volume Supertrend
7	EURUSD	buy	1.08654	1.0832414492393283	1.0898385507606718	0.1	0	0	2023-11-15 16:00:11.884361 +00:00	2023.11.15 18:26:50	1.08638	0	0	""	0	VHMA
8	EURUSD	buy	1.08654	1.0833631907353094	1.0897168092646907	0.1	0	0	2023-11-15 16:00:12.409424 +00:00	2023.11.15 18:26:56	1.08637	0	0	""	0	SSL Hybrid
9	EURUSD	buy	1.08654	1.0837473670194142	1.089332632980586	0.1	0	0	2023-11-15 16:00:16.877315 +00:00	2023.11.15 18:27:01	1.08632	0	0	""	0	AI Volume Supertrend
10	GBPUSD	buy	1.24486	1.241400523109556	1.2483194768904442	0.1	0	0	2023-11-15 16:15:02.378255 +00:00	2023.11.15 18:27:06	1.24512	0	0	""	0	Super AI Trend
11	EURCHF	buy	0.96325	0.9615932643723738	0.9649067356276263	0.1	0	0	2023-11-15 16:15:02.840231 +00:00	2023.11.15 18:27:11	0.96331	0	0	""	0	SSL Hybrid
16	XAGUSD	buy	23.477	23.288121609985662	23.66587839001434	0.1	0	0	2023-11-15 17:30:08.197012 +00:00	2023.11.15 19:30:12	23.486	-6.39	-93.18	2023.11.16 04:09	-0.05	SSL Hybrid
12	GBPUSD	buy	1.24297	1.2393001593707074	1.2466398406292925	0.1	0	0	2023-11-15 17:00:04.307848 +00:00	2023.11.15 19:00:04	1.24304	-0.55	-34.6	2023.11.16 04:32	-0.14	AI Volume Supertrend
22	USDCAD	buy	1.36752	1.364011875828864	1.3710281241711362	0.1	0	0	2023-11-15 18:15:07.980097 +00:00	2023.11.15 20:30:00	1.36738	0	24.77	2023.11.16 04:36	-0.14	SSL Hybrid
119	GBPUSD	buy	1.24064	1.2369704001349753	1.2443095998650247	0.1	0	0	2023-11-16 11:00:02.073707 +00:00	2023.11.16 13:15:00	1.2406	0	25.1	2023.11.16 15:53	-0.14	AI Volume Supertrend
14	XAGUSD	buy	23.4195	23.144534706437717	23.69446529356228	0.1	0	0	2023-11-15 17:00:12.209145 +00:00	2023.11.15 19:06:56	23.447	0	0	""	0	VHMA
17	EURUSD	buy	1.08524	1.0807425444759928	1.0897374555240071	0.1	0	0	2023-11-15 17:30:08.830530 +00:00	2023.11.15 19:30:17	1.08517	-1.94	23.54	2023.11.16 16:04	-0.14	SSL Hybrid
32	GBPUSD	buy	1.24184	1.238134396745374	1.2455456032546262	0.1	0	0	2023-11-15 20:00:11.472574 +00:00	2023.11.16 10:42:57	1.23871	0	-0.09	2023.11.16 14:19	-0.14	AI Volume Supertrend
34	GBPUSD	buy	1.24095	1.236298450483754	1.245601549516246	0.1	0	0	2023-11-15 21:00:04.639181 +00:00	2023.11.16 10:43:09	1.23877	0	-0.55	2023.11.16 14:19	-0.14	AI Volume Supertrend
28	XAGUSD	buy	23.465	23.27256365291994	23.65743634708006	0.1	0	0	2023-11-15 19:15:08.044786 +00:00	2023.11.16 10:42:34	23.572	0	39.15	2023.11.16 11:08	-0.05	SSL Hybrid
18	GBPUSD	buy	1.24227	1.2383672575144409	1.246172742485559	0.1	0	0	2023-11-15 18:00:02.176045 +00:00	2023.11.15 20:15:00	1.24172	-0.55	-30.92	2023.11.16 04:51	-0.14	AI Volume Supertrend
25	GBPUSD	buy	1.24161	1.2380507245783772	1.245169275421623	0.1	0	0	2023-11-15 19:00:11.312037 +00:00	2023.11.15 21:15:01	1.24174	-0.55	-34.34	2023.11.16 04:56	-0.14	AI Volume Supertrend
13	EURUSD	buy	1.08522	1.081680530465098	1.088759469534902	0.1	0	0	2023-11-15 17:00:11.559035 +00:00	2023.11.15 19:00:15	1.08522	-1.94	32.51	2023.11.16 17:06	-0.14	AI Volume Supertrend
26	EURUSD	buy	1.08462	1.0809488088803085	1.0882911911196913	0.1	0	0	2023-11-15 19:00:12.807397 +00:00	2023.11.15 21:15:06	1.08448	-1.94	23.73	2023.11.16 16:17	-0.14	AI Volume Supertrend
30	GBPUSD	buy	1.24177	1.2369353679711483	1.2466046320288517	0.1	0	0	2023-11-15 19:30:00.971159 +00:00	2023.11.16 10:42:45	1.23876	0	-0.55	2023.11.16 14:19	-0.14	SSL Hybrid
33	EURUSD	buy	1.08465	1.0818573671431162	1.0874426328568836	0.1	0	0	2023-11-15 20:00:13.526550 +00:00	2023.11.16 10:43:03	1.08519	0	20.87	2023.11.16 15:38	-0.14	AI Volume Supertrend
125	AUDNZD	buy	1.08357	1.0816478393290014	1.0854921606709984	0.1	0	0	2023-11-16 11:30:02.681957 +00:00	2023.11.16 13:45:00	1.0835	0	-10.43	2023.11.16 16:22	-0.14	SSL Hybrid
27	XAGUSD	buy	23.465	23.18432130466812	23.74567869533188	0.1	0	0	2023-11-15 19:15:07.554635 +00:00	2023.11.16 10:42:28	23.572	0	-0.46	2023.11.16 14:22	-0.05	VHMA
15	EURCHF	buy	0.9632	0.9615345863649695	0.9648654136350304	0.1	0	0	2023-11-15 17:30:04.577173 +00:00	2023.11.15 19:45:00	0.96336	1.06	15.75	2023.11.16 11:35	-0.14	SSL Hybrid
21	EURUSD	buy	1.08542	1.0816016932679617	1.0892383067320384	0.1	0	0	2023-11-15 18:00:12.651632 +00:00	2023.11.15 20:15:16	1.08492	-1.94	23.91	2023.11.16 16:04	-0.14	VHMA
19	EURUSD	buy	1.08542	1.0826063408684454	1.0882336591315547	0.1	0	0	2023-11-15 18:00:11.277118 +00:00	2023.11.15 20:15:05	1.08498	-1.94	23.72	2023.11.16 16:04	-0.14	AI Volume Supertrend
20	XAGUSD	buy	23.4915	23.216470784583827	23.76652921541617	0.1	0	0	2023-11-15 18:00:11.789800 +00:00	2023.11.15 20:15:10	23.462	-6.39	59.02	2023.11.16 14:20	-0.05	Super AI Trend
24	USDCAD	buy	1.36812	1.3639770714102613	1.3722629285897388	0.1	0	0	2023-11-15 18:45:07.187566 +00:00	2023.11.15 21:00:00	1.3681	0	15.41	2023.11.16 12:41	-0.14	VHMA
29	USDCAD	buy	1.36818	1.3642437999248127	1.3721162000751872	0.1	0	0	2023-11-15 19:15:09.907679 +00:00	2023.11.16 10:42:39	1.36952	0	17.61	2023.11.16 14:12	-0.14	Super AI Trend
31	AUDNZD	buy	1.08082	1.0766579945949835	1.0849820054050163	0.1	0	0	2023-11-15 20:00:05.628365 +00:00	2023.11.16 10:42:51	1.08354	-0.33	7.91	2023.11.17 02:16	-0.14	VHMA
82	GBPUSD	buy	1.23938	1.2333656352864382	1.2453943647135617	0.1	0	0	2023-11-16 05:15:01.216829 +00:00	2023.11.16 10:47:16	1.23885	0	-0.18	2023.11.16 14:18	-0.14	SSL Hybrid
23	GBPCAD	buy	1.6981	1.6931119330706297	1.7030880669293702	0.1	0	0	2023-11-15 18:45:02.315222 +00:00	2023.11.15 21:15:12	1.69896	-0.43	27.64	2023.11.16 15:35	-0.14	SSL Hybrid
129	EURCHF	buy	0.9647	0.9636028879049057	0.9657971120950943	0.1	0	0	2023-11-16 12:15:04.213211 +00:00	2023.11.16 15:10:03	0.96519	0	-17.23	2023.11.16 18:28	-0.14	Super AI Trend
145	USDCAD	buy	1.37267	1.3687396982520672	1.376600301747933	0.1	0	0	2023-11-16 14:15:04.962041 +00:00	2023.11.16 16:30:01	1.37435	0	15.6	2023.11.16 18:43	-0.14	SSL Hybrid
148	GBPUSD	buy	1.24406	1.2403904460769486	1.2477295539230513	0.1	0	0	2023-11-16 16:00:03.331569 +00:00	2023.11.16 18:15:00	1.24418	-0.18	-35.02	2023.11.17 00:15	-0.14	AI Volume Supertrend
170	EURUSD	buy	1.08464	1.081691215304254	1.0875887846957462	0.1	0	0	2023-11-16 21:00:11.949702 +00:00	2023.11.17 03:44:10	1.08537	0	20.78	2023.11.17 15:14	-0.14	AI Volume Supertrend
225	XAGUSD	buy	23.8335	23.55865239087092	24.108347609129083	0.1	0	0	2023-11-17 05:45:06.581534 +00:00	2023.11.17 10:56:19	23.938	0	79.14	2023.11.17 12:43	-0.06	VHMA
186	XAGUSD	buy	23.7935	23.63856044258954	23.948439557410463	0.1	0	0	2023-11-17 00:30:11.207642 +00:00	2023.11.17 03:44:26	23.835	0	52.99	2023.11.17 11:01	-0.06	SSL Hybrid
161	GBPUSD	buy	1.24205	1.2368594900144756	1.2472405099855246	0.1	0	0	2023-11-16 19:00:06.486423 +00:00	2023.11.16 21:15:07	1.24192	-0.18	0	2023.11.17 15:42	-0.14	AI Volume Supertrend
175	GBPUSD	buy	1.24158	1.2360785179766294	1.2470814820233704	0.1	0	0	2023-11-16 23:00:03.613118 +00:00	2023.11.17 03:44:15	1.2416	0	-0.46	2023.11.17 15:45	-0.14	AI Volume Supertrend
36	GBPUSD	buy	1.24102	1.2338855047147028	1.2481544952852972	0.1	0	0	2023-11-15 21:15:01.236803 +00:00	2023.11.16 10:43:21	1.23876	0	-0.37	2023.11.16 14:19	-0.14	SSL Hybrid
194	GBPUSD	buy	1.24179	1.2355331793961375	1.2480468206038624	0.1	0	0	2023-11-17 01:00:05.066491 +00:00	2023.11.17 03:44:38	1.24147	0	0	2023.11.17 15:55	-0.14	AI Volume Supertrend
220	EURCHF	buy	0.96448	0.962574451239287	0.966385548760713	0.1	0	0	2023-11-17 05:15:04.231195 +00:00	2023.11.17 10:56:14	0.96341	0	14.61	2023.11.17 16:07	-0.14	SSL + Wave Trend Strategy
35	EURUSD	buy	1.08431	1.0815172959698187	1.0871027040301815	0.1	0	0	2023-11-15 21:00:12.710387 +00:00	2023.11.16 10:43:15	1.08518	0	17.66	2023.11.16 15:36	-0.14	AI Volume Supertrend
40	EURUSD	buy	1.08469	1.0814562347429946	1.0879237652570053	0.1	0	0	2023-11-15 21:45:05.440528 +00:00	2023.11.16 10:43:27	1.08518	0	25.28	2023.11.16 15:48	-0.14	SSL Hybrid
200	GBPUSD	buy	1.24099	1.2370446402138406	1.2449353597861594	0.1	0	0	2023-11-17 03:00:06.417524 +00:00	2023.11.17 10:55:56	1.23839	0	32.64	2023.11.17 16:08	-0.14	AI Volume Supertrend
227	GBPUSD	buy	1.24139	1.2377198236427518	1.2450601763572482	0.1	0	0	2023-11-17 06:00:01.859107 +00:00	2023.11.17 10:56:25	1.23837	0	32.55	2023.11.17 16:10	-0.14	SSL + Wave Trend Strategy
181	EURUSD	buy	1.08557	1.0815318821086468	1.089608117891353	0.1	0	0	2023-11-16 23:30:05.149628 +00:00	2023.11.17 03:44:20	1.08534	0	25.92	2023.11.17 18:05	-0.14	VHMA
155	GBPUSD	buy	1.24251	1.2358883274509138	1.2491316725490862	0.1	0	0	2023-11-16 18:00:08.379602 +00:00	2023.11.16 20:15:05	1.24266	-0.36	34.47	2023.11.20 03:21	-0.14	AI Volume Supertrend
191	EURCHF	buy	0.96435	0.9596208573724071	0.969079142627593	0.1	0	0	2023-11-17 01:00:03.340816 +00:00	2023.11.17 03:44:32	0.96473	0.35	17.9	2023.10.23 08:59	0	SSL Hybrid
126	EURUSD	buy	1.08572	1.0828936938781173	1.0885463061218827	0.1	0	0	2023-11-16 11:30:06.140789 +00:00	2023.11.16 13:45:05	1.08514	0	23.81	2023.11.16 16:04	-0.14	Super AI Trend
120	EURUSD	buy	1.08452	1.0804818821086468	1.088558117891353	0.1	0	0	2023-11-16 11:00:09.951613 +00:00	2023.11.16 13:15:05	1.08498	0	23.72	2023.11.16 16:04	-0.14	AI Volume Supertrend
141	XAGUSD	buy	23.763	23.574428269910065	23.95157173008994	0.1	0	0	2023-11-16 13:45:06.536850 +00:00	2023.11.16 16:00:05	23.892	0	30.34	2023.11.16 16:11	-0.06	SSL Hybrid
135	GBPUSD	buy	1.24001	1.2328755045930708	1.2471444954069293	0.1	0	0	2023-11-16 13:30:01.566498 +00:00	2023.11.16 15:45:00	1.24313	0	-0.18	2023.11.16 17:45	-0.14	SSL Hybrid
164	AUDNZD	buy	1.08277	1.0808476320411324	1.0846923679588676	0.1	0	0	2023-11-16 19:45:03.271954 +00:00	2023.11.16 22:00:00	1.08291	-0.33	9.62	2023.11.17 02:00	-0.14	VHMA
146	GBPUSD	buy	1.2432	1.2395304230833155	1.2468695769166847	0.1	0	0	2023-11-16 15:00:04.560702 +00:00	2023.11.16 17:15:00	1.24471	-0.18	-49.13	2023.11.17 09:00	-0.14	AI Volume Supertrend
130	EURCHF	buy	0.9647	0.9591476698041477	0.9702523301958523	0.1	0	0	2023-11-16 12:15:04.675110 +00:00	2023.11.16 15:10:09	0.96518	0.7	16.14	""	0	SSL Hybrid
149	EURUSD	buy	1.08784	1.0844633185821326	1.0912166814178672	0.1	0	0	2023-11-16 16:00:17.865897 +00:00	2023.11.16 18:15:05	1.08764	-0.64	-29.6	2023.11.17 09:07	-0.14	AI Volume Supertrend
208	EURUSD	buy	1.08538	1.0825864697429508	1.0881735302570492	0.1	0	0	2023-11-17 04:00:10.764671 +00:00	2023.11.17 10:56:02	1.08432	0	15.29	2023.11.17 13:41	-0.14	AI Volume Supertrend
211	USDCAD	buy	1.37522	1.371711875828864	1.3787281241711362	0.1	0	0	2023-11-17 04:30:05.680784 +00:00	2023.11.17 10:56:08	1.375	0	-22	2023.11.17 14:48	-0.14	SSL Hybrid
176	EURUSD	buy	1.08536	1.0825669364042387	1.0881530635957615	0.1	0	0	2023-11-16 23:00:07.802076 +00:00	2023.11.17 03:44:50	1.08533	0	-25.49	2023.11.17 10:06	-0.14	SSL Hybrid
158	XAGUSD	buy	23.8545	23.65933513515085	24.049664864849152	0.1	0	0	2023-11-16 18:00:12.417629 +00:00	2023.11.16 20:15:16	23.881	-2.13	77.85	2023.11.17 11:40	-0.06	VHMA
165	EURCHF	buy	0.96465	0.9622968635445059	0.9670031364554941	0.1	0	0	2023-11-16 19:45:03.888028 +00:00	2023.11.16 22:00:05	0.96468	0.35	-24.32	2023.11.17 10:33	-0.14	SSL Hybrid
156	EURUSD	buy	1.086	1.081502544475993	1.0904974555240072	0.1	0	0	2023-11-16 18:00:11.376983 +00:00	2023.11.16 20:15:11	1.08631	-0.64	23.88	2023.11.17 17:50	-0.14	AI Volume Supertrend
195	XAGUSD	buy	23.862	23.673394968613948	24.05060503138605	0.1	0	0	2023-11-17 01:00:08.240654 +00:00	2023.11.17 03:45:07	23.838	0	72.77	2023.11.17 11:51	-0.06	VHMA
37	XAGUSD	buy	23.43655	23.24341291746558	23.62968708253442	0.1	0	0	2023-11-15 21:30:05.077852 +00:00	2023.11.16 10:43:32	23.567	0	29.48	2023.11.16 11:05	-0.05	VHMA
136	GBPUSD	buy	1.24001	1.2363398237217533	1.2436801762782468	0.1	0	0	2023-11-16 13:30:02.308025 +00:00	2023.11.16 15:45:05	1.24315	0	5.24	2023.11.16 15:45	-0.14	VHMA
131	AUDNZD	buy	1.0842	1.0820321446739072	1.086367855326093	0.1	0	0	2023-11-16 12:30:03.284067 +00:00	2023.11.16 15:10:15	1.08377	0	-9.56	2023.11.16 16:04	-0.14	SSL Hybrid
127	GBPUSD	buy	1.24042	1.2357666389185074	1.2450733610814928	0.1	0	0	2023-11-16 12:00:04.174238 +00:00	2023.11.16 14:15:01	1.23932	0	29.79	2023.11.16 16:17	-0.14	AI Volume Supertrend
150	GBPCAD	buy	1.71094	1.694424866655688	1.7274551333443118	0.1	0	0	2023-11-16 17:00:03.376239 +00:00	2023.11.16 19:15:01	1.71053	-0.28	31.16	""	0	Super AI Trend
201	EURUSD	buy	1.08552	1.0827274128767534	1.0883125871232466	0.1	0	0	2023-11-17 03:00:07.830891 +00:00	2023.11.17 10:56:31	1.08441	0	15.38	2023.11.17 13:40	-0.14	SSL Hybrid
203	EURUSD	buy	1.08552	1.0827274128767534	1.0883125871232466	0.1	0	0	2023-11-17 03:00:10.781979 +00:00	2023.11.17 10:56:37	1.08439	0	15.38	2023.11.17 13:40	-0.14	AI Volume Supertrend
134	EURUSD	buy	1.08426	1.0781647819569842	1.0903552180430158	0.1	0	0	2023-11-16 13:00:17.703719 +00:00	2023.11.16 15:10:21	1.08471	0	23.82	2023.11.16 16:17	-0.14	AI Volume Supertrend
121	AUDNZD	buy	1.08325	1.0809228758160694	1.0855771241839307	0.1	0	0	2023-11-16 11:15:02.017943 +00:00	2023.11.16 13:30:00	1.08365	0	-15.06	2023.11.16 17:04	-0.14	Super AI Trend
169	GBPUSD	buy	1.24083	1.2356394900144756	1.2460205099855246	0.1	0	0	2023-11-16 21:00:03.994428 +00:00	2023.11.17 03:44:04	1.24157	0	-0.18	2023.11.17 15:45	-0.14	AI Volume Supertrend
222	USDCAD	buy	1.37565	1.3725440803617552	1.3787559196382448	0.1	0	0	2023-11-17 05:15:05.640821 +00:00	2023.11.17 10:56:55	1.37488	0	-15.82	2023.11.17 12:22	-0.14	Super AI Trend
214	GBPUSD	buy	1.24101	1.2373404001349753	1.2446795998650246	0.1	0	0	2023-11-17 04:45:04.937708 +00:00	2023.11.17 10:56:49	1.2383	0	32.18	2023.11.17 16:11	-0.14	SSL Hybrid
228	GBPUSD	buy	1.24139	1.2377198236427518	1.2450601763572482	0.1	0	0	2023-11-17 06:00:02.360087 +00:00	2023.11.17 10:57:01	1.2382	0	32.55	2023.11.17 16:11	-0.14	SSL + Wave Trend Strategy
209	GBPCAD	buy	1.70632	1.6979196185671492	1.7147203814328509	0.1	0	0	2023-11-17 04:30:03.557163 +00:00	2023.11.17 10:56:43	1.70256	0	19.31	2023.11.17 12:49	-0.14	VHMA
142	EURUSD	buy	1.08742	1.0844715622122805	1.0903684377877196	0.1	0	0	2023-11-16 13:45:06.978462 +00:00	2023.11.16 16:00:10	1.08799	-0.64	-32.64	2023.11.17 09:07	-0.14	SSL Hybrid
182	AUDNZD	buy	1.08421	1.0816053396848424	1.0868146603151574	0.1	0	0	2023-11-16 23:30:11.384282 +00:00	2023.11.17 03:44:55	1.08484	0	10.81	2023.11.17 09:34	-0.14	Super AI Trend
193	EURCHF	buy	0.96435	0.962695703374925	0.966004296625075	0.1	0	0	2023-11-17 01:00:04.643636 +00:00	2023.11.17 03:45:01	0.96475	0	-21.5	2023.11.17 09:37	-0.14	VHMA
171	CHFJPY	buy	169.586	169.13922439086318	170.03277560913685	0.1	0	0	2023-11-16 21:15:02.130552 +00:00	2023.11.17 03:44:43	169.465	0	-19.83	2023.11.17 10:04	-0.14	Super AI Trend
160	EURCHF	buy	0.96469	0.9607189207629864	0.9686610792370137	0.1	0	0	2023-11-16 18:45:05.193620 +00:00	2023.11.16 21:00:00	0.96483	0.7	16.76	""	0	SSL Hybrid
147	EURUSD	buy	1.08762	1.082077712224811	1.093162287775189	0.1	0	0	2023-11-16 15:00:13.455859 +00:00	2023.11.16 17:15:05	1.08886	-1.28	39.34	2023.11.20 06:17	-0.14	AI Volume Supertrend
53	EURUSD	buy	1.08502	1.0811253035241533	1.088914696475847	0.1	0	0	2023-11-15 23:45:05.488949 +00:00	2023.11.16 10:44:31	1.08501	0	24	2023.11.16 16:04	-0.14	VHMA
41	GBPUSD	buy	1.24157	1.237481312928313	1.245658687071687	0.1	0	0	2023-11-15 22:00:04.771533 +00:00	2023.11.16 10:43:44	1.23878	0	0.18	2023.11.16 14:18	-0.14	AI Volume Supertrend
81	EURUSD	buy	1.08372	1.0809269096635485	1.0865130903364515	0.1	0	0	2023-11-16 05:00:12.646016 +00:00	2023.11.16 10:47:10	1.08502	0	13.71	2023.11.16 15:34	-0.14	AI Volume Supertrend
75	GBPUSD	buy	1.23878	1.2325542747302782	1.2450057252697218	0.1	0	0	2023-11-16 04:00:03.534737 +00:00	2023.11.16 10:46:35	1.23878	0	0.18	2023.11.16 14:18	-0.14	AI Volume Supertrend
70	EURCHF	buy	0.96296	0.9520785596164738	0.9738414403835263	0.1	0	0	2023-11-16 02:45:19.586563 +00:00	2023.11.16 10:46:05	0.96459	0.7	18.83	""	0	SSL Hybrid
63	GBPUSD	buy	1.24183	1.2371850243185571	1.2464749756814428	0.1	0	0	2023-11-16 01:00:05.791409 +00:00	2023.11.16 10:45:24	1.23877	0	-0.55	2023.11.16 14:19	-0.14	AI Volume Supertrend
58	AUDNZD	buy	1.08183	1.0774280541599621	1.086231945840038	0.1	0	0	2023-11-16 00:45:01.901675 +00:00	2023.11.16 10:44:54	1.08344	-0.33	15.37	2023.11.17 08:33	-0.14	VHMA
62	EURCHF	buy	0.96315	0.9595839695419298	0.9667160304580701	0.1	0	0	2023-11-16 01:00:03.143904 +00:00	2023.11.16 10:45:18	0.9644	0.35	20.18	2023.11.17 23:20	-0.14	SSL Hybrid
49	AUDNZD	buy	1.08052	1.0784785383368076	1.0825614616631922	0.1	0	0	2023-11-15 23:15:02.386650 +00:00	2023.11.16 15:45:11	1.08263	0	-0.55	2023.11.16 15:45	-0.14	VHMA
48	EURCHF	buy	0.96295	0.9612259693827865	0.9646740306172135	0.1	0	0	2023-11-15 23:15:02.037286 +00:00	2023.11.16 10:44:19	0.96429	0	3.84	2023.11.16 11:29	-0.14	Super AI Trend
54	GBPUSD	buy	1.24218	1.2379314667891697	1.2464285332108305	0.1	0	0	2023-11-16 00:00:03.656714 +00:00	2023.11.16 10:44:37	1.23869	0	-0.09	2023.11.16 14:19	-0.14	Super AI Trend
128	EURUSD	buy	1.08522	1.0818326809764003	1.0886073190235999	0.1	0	0	2023-11-16 12:00:20.457048 +00:00	2023.11.16 14:15:06	1.08468	0	23.82	2023.11.16 16:17	-0.14	AI Volume Supertrend
65	EURUSD	buy	1.08552	1.0827259319738787	1.0883140680261214	0.1	0	0	2023-11-16 01:00:09.286548 +00:00	2023.11.16 10:45:36	1.08512	0	23.81	2023.11.16 16:04	-0.14	AI Volume Supertrend
87	GBPUSD	buy	1.23949	1.2359285278362893	1.2430514721637107	0.1	0	0	2023-11-16 06:00:04.334672 +00:00	2023.11.16 10:47:46	1.23907	0	0	2023.11.16 14:08	-0.14	AI Volume Supertrend
51	AUDNZD	buy	1.08088	1.0789157044366333	1.0828442955633668	0.1	0	0	2023-11-15 23:30:02.377450 +00:00	2023.11.16 11:45:07	1.08281	0	0.17	2023.11.16 11:49	-0.14	Super AI Trend
84	CHFJPY	buy	170.27	169.81674148868072	170.7232585113193	0.1	0	0	2023-11-16 05:30:01.273486 +00:00	2023.11.16 10:47:28	170.303	0	-28.55	2023.11.16 15:30	-0.14	SSL Hybrid
52	EURCHF	buy	0.96304	0.9613863550020699	0.9646936449979301	0.1	0	0	2023-11-15 23:45:03.902421 +00:00	2023.11.16 10:44:25	0.96425	0	4.98	2023.11.16 11:30	-0.14	SSL Hybrid
85	EURUSD	buy	1.08385	1.0808496083100978	1.0868503916899022	0.1	0	0	2023-11-16 05:30:06.152903 +00:00	2023.11.16 10:47:34	1.08514	0	15.64	2023.11.16 15:35	-0.14	SSL Hybrid
80	GBPUSD	buy	1.23929	1.2358305231095559	1.2427494768904441	0.1	0	0	2023-11-16 05:00:05.652116 +00:00	2023.11.16 10:47:05	1.23886	0	-0.18	2023.11.16 14:18	-0.14	AI Volume Supertrend
72	EURUSD	buy	1.08334	1.0805460724353304	1.0861339275646695	0.1	0	0	2023-11-16 03:00:16.048556 +00:00	2023.11.16 10:46:17	1.08508	0	10.04	2023.11.16 15:30	-0.14	AI Volume Supertrend
57	EURUSD	buy	1.08542	1.080603854058268	1.090236145941732	0.1	0	0	2023-11-16 00:00:12.699124 +00:00	2023.11.16 10:44:48	1.085	0	24	2023.11.16 16:04	-0.14	AI Volume Supertrend
42	EURUSD	buy	1.08476	1.081948690072108	1.0875713099278919	0.1	0	0	2023-11-15 22:01:01.955620 +00:00	2023.11.16 10:43:50	1.08519	0	22.07	2023.11.16 15:45	-0.14	AI Volume Supertrend
71	GBPUSD	buy	1.23828	1.2343346402138407	1.2422253597861594	0.1	0	0	2023-11-16 03:00:06.382148 +00:00	2023.11.16 10:46:11	1.23876	0	-0.46	2023.11.16 14:19	-0.14	AI Volume Supertrend
79	EURCHF	buy	0.96283	0.9611760208962165	0.9644839791037835	0.1	0	0	2023-11-16 04:45:02.754008 +00:00	2023.11.16 10:46:59	0.96444	0	0.73	2023.11.16 10:52	-0.14	SSL Hybrid
44	EURUSD	buy	1.08487	1.0820375780112612	1.0877024219887388	0.1	0	0	2023-11-15 22:45:05.205204 +00:00	2023.11.16 10:44:02	1.08515	0	23.54	2023.11.16 15:45	-0.14	VHMA
67	EURCHF	buy	0.96297	0.9595327951133037	0.9664072048866963	0.1	0	0	2023-11-16 01:45:05.229749 +00:00	2023.11.16 10:45:48	0.96457	0.35	19.04	2023.11.17 23:16	-0.14	SSL Hybrid
46	EURUSD	buy	1.08496	1.0821666545481885	1.0877533454518113	0.1	0	0	2023-11-15 23:00:05.842106 +00:00	2023.11.16 10:44:14	1.08503	0	25.1	2023.11.16 15:46	-0.14	AI Volume Supertrend
43	EURUSD	buy	1.0849	1.0817796790355998	1.0880203209644002	0.1	0	0	2023-11-15 22:16:01.571803 +00:00	2023.11.16 10:43:56	1.08519	0	26.29	2023.11.16 15:57	-0.14	VHMA
55	GBPUSD	buy	1.24218	1.2383685271025466	1.2459914728974535	0.1	0	0	2023-11-16 00:00:04.075310 +00:00	2023.11.16 10:44:43	1.23868	0	0	2023.11.16 14:19	-0.14	VHMA
64	EURUSD	buy	1.08552	1.081296064725002	1.089743935274998	0.1	0	0	2023-11-16 01:00:07.338419 +00:00	2023.11.16 10:45:30	1.0851	0	23.81	2023.11.16 16:04	-0.14	Super AI Trend
77	XAGUSD	buy	23.416	23.227121609985662	23.60487839001434	0.1	0	0	2023-11-16 04:30:20.638091 +00:00	2023.11.16 10:46:47	23.566	0	18.43	2023.11.16 10:55	-0.05	Super AI Trend
61	USDCAD	buy	1.36863	1.3659575451117902	1.3713024548882098	0.1	0	0	2023-11-16 00:45:06.081146 +00:00	2023.11.16 10:45:12	1.3697	0	10.69	2023.11.16 14:05	-0.14	SSL Hybrid
76	EURUSD	buy	1.08326	1.0804672959698185	1.0860527040301813	0.1	0	0	2023-11-16 04:00:12.019268 +00:00	2023.11.16 10:46:41	1.08507	0	9.02	2023.11.16 11:16	-0.14	AI Volume Supertrend
66	USDCAD	buy	1.36891	1.366199984146565	1.371620015853435	0.1	0	0	2023-11-16 01:15:04.851211 +00:00	2023.11.16 10:45:42	1.36964	0	13.78	2023.11.16 14:07	-0.14	SSL Hybrid
74	XAGUSD	buy	23.3999	23.177502373591032	23.622297626408965	0.1	0	0	2023-11-16 03:45:06.102888 +00:00	2023.11.16 10:46:29	23.566	0	26.25	2023.11.16 11:04	-0.05	VHMA
50	AUDNZD	buy	1.08088	1.0785884260655123	1.0831715739344878	0.1	0	0	2023-11-15 23:30:01.642210 +00:00	2023.11.16 11:15:01	1.08307	0	0.55	2023.11.16 11:17	-0.14	SSL Hybrid
38	AUDNZD	buy	1.08065	1.0784010642212236	1.0828989357787766	0.1	0	0	2023-11-15 21:45:00.941665 +00:00	2023.11.16 11:45:01	1.08282	0	0.44	2023.11.16 11:49	-0.14	VHMA
47	CHFJPY	buy	170.416	169.502385631022	171.32961436897799	0.1	0	0	2023-11-15 23:15:01.573945 +00:00	2023.11.16 11:00:00	170.336	0	-51.58	2023.11.16 17:50	-0.14	Super AI Trend
60	USDCAD	buy	1.36863	1.3659575451117902	1.3713024548882098	0.1	0	0	2023-11-16 00:45:05.679284 +00:00	2023.11.16 10:45:06	1.36976	0	10.42	2023.11.16 14:05	-0.14	VHMA
218	GBPCAD	buy	1.70653	1.7015799811019388	1.7114800188980615	0.1	0	0	2023-11-17 05:15:03.379110 +00:00	2023.11.17 10:57:36	1.70242	0	-5.16	2023.11.17 10:59	-0.14	SSL Hybrid
151	GBPUSD	buy	1.24204	1.2364859396202814	1.2475940603797187	0.1	0	0	2023-11-16 17:00:06.536019 +00:00	2023.11.16 19:15:07	1.24281	-0.36	43.87	2023.11.20 04:27	-0.14	AI Volume Supertrend
231	GBPUSD	buy	1.24139	1.2379063220012005	1.2448736779987994	0.1	0	0	2023-11-17 06:00:04.007858 +00:00	2023.11.17 10:58:05	1.23829	0	-3.5	2023.11.17 11:00	-0.14	SSL Hybrid
226	GBPCAD	buy	1.70705	1.695375336422785	1.7187246635772149	0.1	0	0	2023-11-17 06:00:01.434941 +00:00	2023.11.17 10:57:53	1.70231	0	19.59	2023.11.17 14:54	-0.14	Super AI Trend
152	EURUSD	buy	1.08498	1.0815687177265325	1.0883912822734676	0.1	0	0	2023-11-16 17:00:12.314536 +00:00	2023.11.16 19:15:12	1.08543	-0.64	17.66	2023.11.17 15:16	-0.14	AI Volume Supertrend
177	EURUSD	buy	1.08536	1.0824407847497421	1.088279215250258	0.1	0	0	2023-11-16 23:00:08.629174 +00:00	2023.11.17 03:45:18	1.08533	0	27.11	2023.11.17 16:05	-0.14	AI Volume Supertrend
215	GBPUSD	buy	1.24055	1.236871104258789	1.244228895741211	0.1	0	0	2023-11-17 05:00:05.568145 +00:00	2023.11.17 10:57:30	1.23827	0	32.37	2023.11.17 16:11	-0.14	AI Volume Supertrend
234	GBPUSD	buy	1.24153	1.2378604001349753	1.2451995998650247	0.1	0	0	2023-11-17 06:15:03.074465 +00:00	2023.11.17 10:58:17	1.23821	0	32.55	2023.11.17 16:11	-0.14	Super AI Trend
230	GBPUSD	buy	1.24139	1.2377204001349753	1.2450595998650247	0.1	0	0	2023-11-17 06:00:03.633954 +00:00	2023.11.17 10:57:59	1.23818	0	32.55	2023.11.17 16:11	-0.14	VHMA
183	GBPUSD	buy	1.2414	1.2359227199084362	1.246877280091564	0.1	0	0	2023-11-17 00:00:02.609491 +00:00	2023.11.17 03:45:30	1.2414	0	-0.09	2023.11.17 16:11	-0.14	AI Volume Supertrend
157	EURCHF	buy	0.96423	0.9612730694972373	0.9671869305027627	0.1	0	0	2023-11-16 18:00:11.918809 +00:00	2023.11.16 20:15:22	0.96478	0.7	16.76	""	0	VHMA
202	XAGUSD	buy	23.8345	23.65691776142752	24.01208223857248	0.1	0	0	2023-11-17 03:00:08.249555 +00:00	2023.11.17 10:57:12	23.939	0	33.63	2023.11.17 11:07	-0.06	VHMA
212	EURCHF	buy	0.96425	0.9610419895432055	0.9674580104567946	0.1	0	0	2023-11-17 04:45:01.152846 +00:00	2023.11.17 10:57:24	0.96328	0	14.51	2023.11.17 16:32	-0.14	VHMA
163	CHFJPY	buy	169.47	168.49779402439634	170.44220597560366	0.1	0	0	2023-11-16 19:30:03.096859 +00:00	2023.11.16 21:45:00	169.476	0.2	-60.26	2023.11.17 11:10	-0.14	SSL Hybrid
223	CHFJPY	buy	169.46	168.47820519324978	170.44179480675024	0.1	0	0	2023-11-17 05:30:01.215448 +00:00	2023.11.17 10:57:48	168.675	0	-12.63	2023.11.17 11:11	-0.14	SSL Hybrid
221	EURCHF	buy	0.96448	0.962574451239287	0.966385548760713	0.1	0	0	2023-11-17 05:15:04.664485 +00:00	2023.11.17 10:57:41	0.96326	0	14.51	2023.11.17 16:37	-0.14	VHMA
233	EURUSD	buy	1.08532	1.078469275005869	1.092170724994131	0.1	0	0	2023-11-17 06:00:08.879259 +00:00	2023.11.17 10:58:11	1.08472	0	15.37	2023.11.17 12:35	-0.14	AI Volume Supertrend
205	EURUSD	buy	1.08568	1.08288739542362	1.08847260457638	0.1	0	0	2023-11-17 03:15:07.373596 +00:00	2023.11.17 10:57:18	1.08441	0	15.19	2023.11.17 13:40	-0.14	VHMA
88	EURUSD	buy	1.0838	1.0809226192635961	1.086677380736404	0.1	0	0	2023-11-16 06:00:08.480087 +00:00	2023.11.16 10:47:52	1.0851	0	14.54	2023.11.16 15:35	-0.14	SSL Hybrid
132	XAGUSD	buy	23.6115	23.42294419529931	23.80005580470069	0.1	0	0	2023-11-16 12:45:07.845724 +00:00	2023.11.16 15:10:27	23.623	0	86.96	2023.11.16 15:35	-0.05	VHMA
137	EURUSD	buy	1.08484	1.0814526809764002	1.0882273190235998	0.1	0	0	2023-11-16 13:30:08.267607 +00:00	2023.11.16 15:45:16	1.0877	0	4.87	2023.11.16 17:01	-0.14	VHMA
123	EURUSD	buy	1.08498	1.0807766123595894	1.0891833876404107	0.1	0	0	2023-11-16 11:15:04.192071 +00:00	2023.11.16 13:30:11	1.0858	0	31.22	2023.11.16 17:13	-0.14	SSL Hybrid
143	GBPUSD	buy	1.24411	1.2401646402138407	1.2480553597861594	0.1	0	0	2023-11-16 14:00:01.533557 +00:00	2023.11.16 16:15:00	1.24287	0	0	2023.11.16 18:22	-0.14	AI Volume Supertrend
180	AUDNZD	buy	1.08384	1.081756294891835	1.085923705108165	0.1	0	0	2023-11-16 23:15:04.070854 +00:00	2023.11.17 03:45:24	1.08486	0	5.59	2023.11.17 04:42	-0.14	SSL + Wave Trend Strategy
189	GBPUSD	buy	1.24179	1.2381198236427517	1.2454601763572481	0.1	0	0	2023-11-17 01:00:01.543212 +00:00	2023.11.17 03:45:36	1.24139	0	-30.16	2023.11.17 09:09	-0.14	SSL Hybrid
172	GBPUSD	buy	1.24123	1.2376707245783771	1.244789275421623	0.1	0	0	2023-11-16 21:45:01.192336 +00:00	2023.11.17 03:45:13	1.24142	0	-34.61	2023.11.17 09:41	-0.14	VHMA
162	EURUSD	buy	1.08591	1.0831171583691457	1.0887028416308542	0.1	0	0	2023-11-16 19:00:09.581561 +00:00	2023.11.16 21:15:12	1.08552	-0.64	-22.16	2023.11.17 10:00	-0.14	AI Volume Supertrend
122	EURCHF	buy	0.96424	0.9625855334700706	0.9658944665299294	0.1	0	0	2023-11-16 11:15:03.181212 +00:00	2023.11.16 13:30:05	0.96452	0.35	-20.15	2023.11.17 10:22	-0.14	SSL Hybrid
197	EURCHF	buy	0.96466	0.962978447869761	0.966341552130239	0.1	0	0	2023-11-17 01:45:03.706662 +00:00	2023.11.17 10:57:07	0.9633	0	-3.53	2023.11.17 10:59	-0.14	Super AI Trend
94	AUDNZD	buy	1.08287	1.0809276932884526	1.0848123067115474	0.1	0	0	2023-11-16 07:30:01.572108 +00:00	2023.11.16 10:48:27	1.08345	0	-13.9	2023.11.16 17:04	-0.14	SSL Hybrid
90	CHFJPY	buy	170.353	169.90643378005686	170.79956621994316	0.1	0	0	2023-11-16 06:15:03.136182 +00:00	2023.11.16 10:48:03	170.287	0	-23.23	2023.11.16 15:12	-0.14	Super AI Trend
144	EURUSD	buy	1.0881	1.0853073965137225	1.0908926034862776	0.1	0	0	2023-11-16 14:00:12.594787 +00:00	2023.11.16 16:15:05	1.0876	0	-21.19	2023.11.16 18:30	-0.14	AI Volume Supertrend
93	USDCAD	buy	1.36981	1.3656670714102612	1.3739529285897387	0.1	0	0	2023-11-16 07:15:06.947957 +00:00	2023.11.16 10:48:21	1.36953	0	15.12	2023.11.16 15:23	-0.14	VHMA
168	EURUSD	buy	1.08558	1.0827872959698186	1.0883727040301814	0.1	0	0	2023-11-16 20:00:14.408595 +00:00	2023.11.16 22:15:05	1.08523	-0.64	-22.63	2023.11.17 10:06	-0.14	AI Volume Supertrend
154	AUDNZD	buy	1.08173	1.079634276470427	1.0838257235295732	0.1	0	0	2023-11-16 17:45:02.013349 +00:00	2023.11.16 20:15:00	1.082	0	9.95	2023.11.16 22:40	-0.14	SSL Hybrid
83	CHFJPY	buy	170.263	169.31419817214487	171.21180182785514	0.1	0	0	2023-11-16 05:15:01.693462 +00:00	2023.11.16 10:47:22	170.293	0.2	-60.11	2023.11.17 04:23	-0.14	VHMA
167	GBPUSD	buy	1.24178	1.2381098237217534	1.2454501762782468	0.1	0	0	2023-11-16 20:00:11.733169 +00:00	2023.11.16 22:15:00	1.2415	-0.18	-30.99	2023.11.17 09:10	-0.14	AI Volume Supertrend
173	GBPUSD	buy	1.24139	1.2377198237217533	1.2450601762782467	0.1	0	0	2023-11-16 22:00:03.130273 +00:00	2023.11.17 03:45:42	1.24139	0	-34.33	2023.11.17 09:41	-0.14	AI Volume Supertrend
224	XAGUSD	buy	23.8335	23.610865960672427	24.056134039327574	0.1	0	0	2023-11-17 05:45:05.975685 +00:00	2023.11.17 10:58:41	23.946	0	51.12	2023.11.17 12:09	-0.06	SSL Hybrid
178	EURCHF	buy	0.96432	0.9626659997631676	0.9659740002368323	0.1	0	0	2023-11-16 23:15:02.853861 +00:00	2023.11.17 03:45:48	0.96472	0	-21.09	2023.11.17 10:03	-0.14	VHMA
206	CHFJPY	buy	169.497	168.8195142159748	170.17448578402522	0.1	0	0	2023-11-17 03:30:02.573536 +00:00	2023.11.17 18:30:00	168.848	0	-1.47	2023.11.17 18:30	-0.14	SSL Hybrid
235	EURUSD	buy	1.08543	1.082506279304234	1.0883537206957659	0.1	0	0	2023-11-17 06:15:06.520424 +00:00	2023.11.17 10:58:52	1.08492	0	15.28	2023.11.17 12:33	-0.14	SSL + Wave Trend Strategy
204	GBPCAD	buy	1.7063	1.7009386077041635	1.7116613922958364	0.1	0	0	2023-11-17 03:15:03.851015 +00:00	2023.11.17 10:58:29	1.70204	0	19.19	2023.11.17 15:03	-0.14	VHMA
196	EURUSD	buy	1.08532	1.081219939777821	1.089420060222179	0.1	0	0	2023-11-17 01:00:08.675922 +00:00	2023.11.17 03:46:05	1.08531	0	17.48	2023.11.17 15:39	-0.14	AI Volume Supertrend
187	CHFJPY	buy	169.676	168.95173710935973	170.40026289064025	0.1	0	0	2023-11-17 00:45:01.763270 +00:00	2023.11.17 03:46:00	169.473	0	-33.01	2023.11.17 10:36	-0.14	Super AI Trend
184	EURUSD	buy	1.08532	1.0812055997677559	1.0894344002322442	0.1	0	0	2023-11-17 00:00:10.219058 +00:00	2023.11.17 03:45:54	1.08529	0	17.75	2023.11.17 15:39	-0.14	AI Volume Supertrend
213	CHFJPY	buy	169.469	168.48720519324976	170.45079480675022	0.1	0	0	2023-11-17 04:45:01.578776 +00:00	2023.11.17 10:58:35	168.671	0	-11.46	2023.11.17 11:11	-0.14	SSL Hybrid
89	EURUSD	buy	1.0838	1.0809220599146552	1.086677940085345	0.1	0	0	2023-11-16 06:00:08.942262 +00:00	2023.11.16 10:47:57	1.08509	0	14.63	2023.11.16 15:35	-0.14	AI Volume Supertrend
92	EURUSD	buy	1.08392	1.0810821211600345	1.0867578788399654	0.1	0	0	2023-11-16 07:00:11.357078 +00:00	2023.11.16 10:48:15	1.08505	0	15.73	2023.11.16 15:35	-0.14	AI Volume Supertrend
95	EURCHF	buy	0.96287	0.9609645045667442	0.9647754954332558	0.1	0	0	2023-11-16 07:30:02.354556 +00:00	2023.11.16 10:48:33	0.96435	0	4.46	2023.11.16 11:33	-0.14	SSL Hybrid
97	EURCHF	buy	0.96316	0.961505703374925	0.964814296625075	0.1	0	0	2023-11-16 07:45:03.453284 +00:00	2023.11.16 10:48:39	0.96431	0	5.18	2023.11.16 11:34	-0.14	Super AI Trend
91	GBPUSD	buy	1.23966	1.235762939993162	1.243557060006838	0.1	0	0	2023-11-16 07:00:02.309940 +00:00	2023.11.16 10:48:09	1.2391	0	0	2023.11.16 14:07	-0.14	AI Volume Supertrend
100	GBPUSD	buy	1.23799	1.2340872575144408	1.241892742485559	0.1	0	0	2023-11-16 08:00:01.283413 +00:00	2023.11.16 10:48:51	1.239	0	0	2023.11.16 14:08	-0.14	AI Volume Supertrend
232	GBPUSD	buy	1.24139	1.237717299114443	1.245062700885557	0.1	0	0	2023-11-17 06:00:06.267961 +00:00	2023.11.17 10:58:46	1.23843	0	32.37	2023.11.17 16:08	-0.14	AI Volume Supertrend
198	GBPUSD	buy	1.24129	1.2376198236427518	1.2449601763572482	0.1	0	0	2023-11-17 02:00:08.677925 +00:00	2023.11.17 10:58:23	1.23817	0	32.37	2023.11.17 16:11	-0.14	AI Volume Supertrend
229	CHFJPY	buy	169.468	168.98947900033056	169.94652099966942	0.1	0	0	2023-11-17 06:00:02.779532 +00:00	2023.11.20 02:00:00	169.267	0	-17.03	2023.11.20 03:07	-0.14	SSL Hybrid
138	XAGUSD	buy	23.624	23.435376742538534	23.812623257461464	0.1	0	0	2023-11-16 13:30:08.719027 +00:00	2023.11.16 15:45:22	23.804	0	1.84	2023.11.16 15:45	-0.05	VHMA
124	EURUSD	buy	1.08498	1.0821861461797966	1.0877738538202035	0.1	0	0	2023-11-16 11:15:04.656998 +00:00	2023.11.16 13:30:16	1.08585	0	17.65	2023.11.16 15:46	-0.14	VHMA
98	EURCHF	buy	0.96316	0.9607930429375314	0.9655269570624686	0.1	0	0	2023-11-16 07:45:03.882396 +00:00	2023.11.16 10:48:45	0.96432	0	12.53	2023.11.16 16:01	-0.14	SSL + Wave Trend Strategy
103	EURUSD	buy	1.08433	1.0802473989877754	1.0884126010122246	0.1	0	0	2023-11-16 08:15:06.680779 +00:00	2023.11.16 10:48:56	1.08502	0	23.81	2023.11.16 16:04	-0.14	Super AI Trend
133	GBPUSD	buy	1.23891	1.2326842747302782	1.2451357252697217	0.1	0	0	2023-11-16 13:00:01.364055 +00:00	2023.11.16 15:10:33	1.23934	0	29.52	2023.11.16 16:17	-0.14	AI Volume Supertrend
68	GBPUSD	buy	1.24032	1.2350605048884673	1.2455794951115329	0.1	0	0	2023-11-16 02:00:07.445930 +00:00	2023.11.16 10:45:53	1.23891	0	0	2023.11.16 14:18	-0.14	AI Volume Supertrend
45	GBPUSD	buy	1.24171	1.2375870993247373	1.2458329006752629	0.1	0	0	2023-11-15 23:00:03.267213 +00:00	2023.11.16 10:44:08	1.23884	0	-0.09	2023.11.16 14:18	-0.14	AI Volume Supertrend
96	USDCAD	buy	1.37017	1.3674347489143421	1.372905251085658	0.1	0	0	2023-11-16 07:30:07.805333 +00:00	2023.11.16 10:49:02	1.36952	0	22.83	2023.11.16 14:18	-0.14	Super AI Trend
104	GBPUSD	buy	1.23859	1.2343604311733403	1.24281956882666	0.1	0	0	2023-11-16 08:45:02.121708 +00:00	2023.11.16 11:00:11	1.23994	0	26.48	2023.11.16 15:39	-0.14	SSL Hybrid
114	USDCAD	buy	1.3699	1.3659637999248126	1.3738362000751871	0.1	0	0	2023-11-16 09:45:07.945087 +00:00	2023.11.16 12:00:00	1.36979	0	15.25	2023.11.16 15:21	-0.14	VHMA
56	GBPUSD	buy	1.24218	1.2387656568492795	1.2455943431507206	0.1	0	0	2023-11-16 00:00:09.370656 +00:00	2023.11.16 11:00:06	1.23982	0	-10.14	2023.11.16 14:19	-0.14	AI Volume Supertrend
216	EURUSD	buy	1.08505	1.081153645139585	1.0889463548604152	0.1	0	0	2023-11-17 05:00:08.773271 +00:00	2023.11.17 10:59:16	1.08486	0	15.37	2023.11.17 12:33	-0.14	AI Volume Supertrend
101	EURUSD	buy	1.0841	1.0813072959698187	1.0868927040301815	0.1	0	0	2023-11-16 08:00:09.648250 +00:00	2023.11.16 10:49:14	1.08517	0	16.1	2023.11.16 15:36	-0.14	AI Volume Supertrend
112	GBPCAD	buy	1.69833	1.6943572911204154	1.7023027088795843	0.1	0	0	2023-11-16 09:15:03.354459 +00:00	2023.11.16 11:30:06	1.69868	0	24.64	2023.11.16 15:30	-0.14	Super AI Trend
109	GBPUSD	buy	1.23971	1.235116239155178	1.2443037608448222	0.1	0	0	2023-11-16 09:00:04.263781 +00:00	2023.11.16 11:30:24	1.24057	0	25.1	2023.11.16 15:53	-0.14	AI Volume Supertrend
59	AUDNZD	buy	1.08183	1.0795482538475418	1.0841117461524583	0.1	0	0	2023-11-16 00:45:02.478340 +00:00	2023.11.16 10:45:00	1.08345	0	5.07	2023.11.16 14:19	-0.14	SSL Hybrid
153	EURUSD	buy	1.08574	1.0826428173396796	1.0888371826603203	0.1	0	0	2023-11-16 17:30:10.489763 +00:00	2023.11.16 19:45:00	1.0858	-0.64	-29.1	2023.11.17 10:06	-0.14	VHMA
219	GBPCAD	buy	1.70653	1.702539000712459	1.7105209992875412	0.1	0	0	2023-11-17 05:15:03.786112 +00:00	2023.11.17 11:30:00	1.70426	0	-11.67	2023.11.17 16:35	-0.14	VHMA
106	CHFJPY	buy	170.323	169.8762450618375	170.76975493816252	0.1	0	0	2023-11-16 09:00:02.951369 +00:00	2023.11.16 11:15:11	170.237	0	-23.31	2023.11.16 15:20	-0.14	SSL Hybrid
86	AUDNZD	buy	1.08218	1.080257309460844	1.0841026905391558	0.1	0	0	2023-11-16 06:00:01.335503 +00:00	2023.11.16 10:47:40	1.08351	0	4.74	2023.11.16 14:19	-0.14	SSL Hybrid
159	USDCAD	buy	1.37644	1.3729518621542678	1.3799281378457324	0.1	0	0	2023-11-16 18:30:08.736264 +00:00	2023.11.16 20:45:01	1.3754	0	-16.36	2023.11.17 12:12	-0.14	SSL Hybrid
116	EURUSD	buy	1.0851	1.0823074044259213	1.0878925955740786	0.1	0	0	2023-11-16 10:00:17.176061 +00:00	2023.11.16 12:15:00	1.08484	0	27.85	2023.11.16 15:47	-0.14	AI Volume Supertrend
174	EURUSD	buy	1.085285	1.0818976809764003	1.0886723190235998	0.1	0	0	2023-11-16 22:01:03.717536 +00:00	2023.11.17 03:46:11	1.08532	0	17.48	2023.11.17 15:39	-0.14	AI Volume Supertrend
73	XAGUSD	buy	23.3999	23.212017256247016	23.58778274375298	0.1	0	0	2023-11-16 03:45:05.418941 +00:00	2023.11.16 10:46:23	23.566	0	10.13	2023.11.16 10:53	-0.05	SSL Hybrid
111	GBPCAD	buy	1.69833	1.6943389439162244	1.7023210560837754	0.1	0	0	2023-11-16 09:15:01.880199 +00:00	2023.11.16 11:30:01	1.69871	0	24.38	2023.11.16 15:30	-0.14	VHMA
78	XAGUSD	buy	23.416	23.22099525919514	23.611004740804862	0.1	0	0	2023-11-16 04:30:20.990686 +00:00	2023.11.16 10:46:53	23.566	0	20.27	2023.11.16 10:55	-0.05	VHMA
39	EURCHF	buy	0.96319	0.9613085941941394	0.9650714058058606	0.1	0	0	2023-11-15 21:45:01.397108 +00:00	2023.11.16 10:43:38	0.96446	0	6.32	2023.11.16 11:50	-0.14	SSL Hybrid
105	GBPUSD	buy	1.23971	1.2358207242223633	1.2435992757776368	0.1	0	0	2023-11-16 09:00:02.479575 +00:00	2023.11.16 11:15:06	1.2406	0	27.67	2023.11.16 15:45	-0.14	VHMA
99	EURUSD	buy	1.08416	1.0813672959698186	1.0869527040301814	0.1	0	0	2023-11-16 07:45:05.749379 +00:00	2023.11.16 10:49:08	1.0851	0	17.02	2023.11.16 15:36	-0.14	VHMA
118	USDCAD	buy	1.37031	1.3661127561215112	1.3745072438784887	0.1	0	0	2023-11-16 10:45:04.531059 +00:00	2023.11.16 13:00:00	1.37025	0	15.25	2023.11.16 14:32	-0.14	SSL Hybrid
117	USDCAD	buy	1.3702	1.366046562963954	1.3743534370360462	0.1	0	0	2023-11-16 10:15:04.897499 +00:00	2023.11.16 12:30:03	1.37019	0	15.32	2023.11.16 14:33	-0.14	SSL Hybrid
190	GBPUSD	buy	1.24179	1.237138450483754	1.246441549516246	0.1	0	0	2023-11-17 01:00:02.893473 +00:00	2023.11.17 03:46:34	1.24135	0	0	2023.11.17 16:11	-0.14	VHMA
113	GBPCAD	buy	1.69833	1.6926794488755719	1.703980551124428	0.1	0	0	2023-11-16 09:15:03.794077 +00:00	2023.11.16 11:30:12	1.69863	0	36.08	2023.11.16 15:38	-0.14	SSL Hybrid
185	XAGUSD	buy	23.7955	23.60709904046575	23.98390095953425	0.1	0	0	2023-11-17 00:15:05.376252 +00:00	2023.11.17 03:46:23	23.831	0	69.6	2023.11.17 11:05	-0.06	Super AI Trend
139	GBPUSD	buy	1.24301	1.238173771105672	1.247846228894328	0.1	0	0	2023-11-16 13:45:03.234110 +00:00	2023.11.16 16:00:16	1.24407	-0.18	-54.69	2023.11.17 09:09	-0.14	Super AI Trend
179	EURCHF	buy	0.96432	0.9626656949587573	0.9659743050412426	0.1	0	0	2023-11-16 23:15:03.634429 +00:00	2023.11.17 03:46:17	0.96471	0	-20.98	2023.11.17 10:03	-0.14	SSL Hybrid
192	EURCHF	buy	0.96435	0.962444451239287	0.9662555487607131	0.1	0	0	2023-11-17 01:00:04.188589 +00:00	2023.11.17 03:46:40	0.96473	0	-25.15	2023.11.17 10:32	-0.14	SSL + Wave Trend Strategy
217	EURCHF	buy	0.96448	0.962574451239287	0.966385548760713	0.1	0	0	2023-11-17 05:15:02.518795 +00:00	2023.11.17 10:59:22	0.96307	0	12.03	2023.11.17 13:54	-0.14	SSL Hybrid
199	EURUSD	buy	1.0853	1.0816904338410456	1.0889095661589543	0.1	0	0	2023-11-17 02:00:09.143385 +00:00	2023.11.17 10:58:58	1.08486	0	15.46	2023.11.17 12:33	-0.14	AI Volume Supertrend
107	GBPUSD	buy	1.23971	1.23642729956749	1.24299270043251	0.1	0	0	2023-11-16 09:00:03.394487 +00:00	2023.11.16 11:15:17	1.24069	0	-16.04	2023.11.16 14:18	-0.14	Super AI Trend
102	EURCHF	buy	0.96368	0.9620256139308032	0.9653343860691967	0.1	0	0	2023-11-16 08:15:03.565377 +00:00	2023.11.16 10:49:20	0.96425	0	11.29	2023.11.16 15:12	-0.14	VHMA
210	GBPCAD	buy	1.70632	1.6868306251544394	1.7258093748455607	0.1	0	0	2023-11-17 04:30:04.637909 +00:00	2023.11.17 10:59:10	1.70221	0	19.12	2023.11.17 14:59	-0.14	SSL Hybrid
110	EURUSD	buy	1.0855	1.0827069096635484	1.0882930903364514	0.1	0	0	2023-11-16 09:00:10.961496 +00:00	2023.11.16 11:30:18	1.08546	0	22.88	2023.11.16 17:03	-0.14	AI Volume Supertrend
188	EURUSD	buy	1.08506	1.0820528307178372	1.0880671692821626	0.1	0	0	2023-11-17 00:45:05.690437 +00:00	2023.11.17 03:46:29	1.08531	0	17.57	2023.11.17 15:39	-0.14	SSL Hybrid
241	CHFJPY	buy	169.489	168.5261142260027	170.4518857739973	0.1	0	0	2023-11-17 06:45:01.269459 +00:00	2023.11.17 10:59:46	168.745	0	-13.61	2023.11.17 11:06	-0.14	SSL Hybrid
237	EURUSD	buy	1.08543	1.0825691408457485	1.0882908591542513	0.1	0	0	2023-11-17 06:15:07.378740 +00:00	2023.11.17 10:59:34	1.08487	0	15.37	2023.11.17 12:33	-0.14	SSL Hybrid
236	EURUSD	buy	1.08543	1.0825691408457485	1.0882908591542513	0.1	0	0	2023-11-17 06:15:06.937673 +00:00	2023.11.17 10:59:28	1.08483	0	15.37	2023.11.17 12:33	-0.14	SSL + Wave Trend Strategy
238	AUDNZD	buy	1.08595	1.0837383178979947	1.0881616821020053	0.1	0	0	2023-11-17 06:30:01.833610 +00:00	2023.11.17 10:59:40	1.08572	0	13.28	2023.11.17 17:33	-0.14	SSL Hybrid
239	XAGUSD	buy	23.831	23.642538452605937	24.019461547394062	0.1	0	0	2023-11-17 06:30:05.695646 +00:00	2023.11.17 10:59:52	23.951	0	35.01	2023.11.17 11:07	-0.06	SSL Hybrid
249	XAGUSD	buy	23.87	23.67378685076827	24.066213149231732	0.1	0	0	2023-11-17 08:00:10.050113 +00:00	2023.11.17 11:00:40	23.948	0	54.8	2023.11.17 12:09	-0.06	Super AI Trend
246	GBPUSD	buy	1.23842	1.234718002149814	1.242121997850186	0.1	0	0	2023-11-17 08:00:06.947669 +00:00	2023.11.17 11:00:22	1.23813	0	37.2	2023.11.17 12:10	-0.14	AI Volume Supertrend
270	EURCHF	buy	0.96413	0.9624742457240095	0.9657857542759906	0.1	0	0	2023-11-17 11:15:02.974737 +00:00	2023.11.17 13:45:00	0.96448	0	13.46	2023.11.17 22:25	-0.14	Super AI Trend
257	GBPUSD	buy	1.24083	1.2371589683812911	1.244501031618709	0.1	0	0	2023-11-17 09:45:03.024279 +00:00	2023.11.17 12:00:05	1.24107	0	0	2023.11.17 16:16	-0.14	VHMA
274	AUDNZD	buy	1.08655	1.0843687639549715	1.0887312360450283	0.1	0	0	2023-11-17 12:15:02.283900 +00:00	2023.11.17 16:45:00	1.08752	-0.33	2.31	""	0	SSL Hybrid
252	EURUSD	buy	1.08484	1.0820263408684454	1.0876536591315547	0.1	0	0	2023-11-17 09:00:11.392924 +00:00	2023.11.17 11:30:18	1.08531	0	22.25	2023.11.17 15:14	-0.14	SSL Hybrid
264	EURUSD	buy	1.08529	1.0803891069762044	1.0901908930237958	0.1	0	0	2023-11-17 10:00:08.281331 +00:00	2023.11.17 12:03:37	1.08558	0	17.84	2023.11.17 15:18	-0.14	AI Volume Supertrend
275	GBPUSD	buy	1.24282	1.2391501075542402	1.24648989244576	0.1	0	0	2023-11-17 13:00:01.635012 +00:00	2023.11.17 16:45:06	1.2416	0	38.97	2023.11.17 23:12	-0.14	AI Volume Supertrend
69	EURUSD	buy	1.08438	1.0813806371607988	1.087379362839201	0.1	0	0	2023-11-16 02:00:08.900865 +00:00	2023.11.16 10:46:00	1.08512	0	20.88	2023.11.16 15:37	-0.14	AI Volume Supertrend
115	GBPUSD	buy	1.24009	1.236364235315749	1.243815764684251	0.1	0	0	2023-11-16 10:00:03.871360 +00:00	2023.11.16 12:15:06	1.24009	0	34.28	2023.11.16 15:56	-0.14	AI Volume Supertrend
140	EURCHF	buy	0.96531	0.9636542648250478	0.9669657351749522	0.1	0	0	2023-11-16 13:45:03.670216 +00:00	2023.11.16 16:00:00	0.96554	0	-20.86	2023.11.16 18:28	-0.14	SSL Hybrid
166	AUDNZD	buy	1.08277	1.0808295248304216	1.0847104751695784	0.1	0	0	2023-11-16 19:45:05.851620 +00:00	2023.11.16 22:00:11	1.08285	-0.33	10.17	2023.11.17 02:01	-0.14	Super AI Trend
253	EURUSD	buy	1.08484	1.082028690107128	1.087651309892872	0.1	0	0	2023-11-17 09:00:11.839476 +00:00	2023.11.17 11:30:24	1.08526	0	21.97	2023.11.17 15:14	-0.14	Super AI Trend
254	GBPUSD	buy	1.24002	1.236350057485259	1.2436899425147407	0.1	0	0	2023-11-17 09:15:01.472116 +00:00	2023.11.17 11:30:30	1.23979	0	35.89	2023.11.17 12:41	-0.14	SSL Hybrid
244	EURUSD	buy	1.08513	1.0823373210092366	1.0879226789907632	0.1	0	0	2023-11-17 07:00:08.597887 +00:00	2023.11.17 11:00:10	1.08475	0	15.37	2023.11.17 12:35	-0.14	AI Volume Supertrend
266	EURCHF	buy	0.96371	0.951612844793171	0.9758071552068289	0.1	0	0	2023-11-17 10:15:04.268030 +00:00	2023.11.17 12:30:05	0.96402	0	20.19	2023.11.17 22:53	-0.14	SSL Hybrid
256	GBPUSD	buy	1.24083	1.237160257807904	1.2444997421920962	0.1	0	0	2023-11-17 09:45:02.252520 +00:00	2023.11.17 12:00:00	1.24105	0	-0.09	2023.11.17 16:16	-0.14	Super AI Trend
251	EURUSD	buy	1.08484	1.081300254543908	1.088379745456092	0.1	0	0	2023-11-17 09:00:10.963052 +00:00	2023.11.17 11:30:12	1.08532	0	17.66	2023.11.17 15:36	-0.14	AI Volume Supertrend
247	XAGUSD	buy	23.87	23.677218113587006	24.062781886412996	0.1	0	0	2023-11-17 08:00:08.149006 +00:00	2023.11.17 11:00:28	23.958	0	48.36	2023.11.17 12:09	-0.06	SSL Hybrid
248	EURUSD	buy	1.08384	1.0810472959698185	1.0866327040301813	0.1	0	0	2023-11-17 08:00:09.594113 +00:00	2023.11.17 11:00:34	1.0847	0	18.04	2023.11.17 12:22	-0.14	AI Volume Supertrend
276	EURUSD	buy	1.08634	1.0835263408684455	1.0891536591315547	0.1	0	0	2023-11-17 13:00:10.191037 +00:00	2023.11.17 16:45:12	1.08668	0	22.86	2023.11.17 17:47	-0.14	AI Volume Supertrend
245	XAGUSD	buy	23.8245	23.690077987251627	23.958922012748374	0.1	0	0	2023-11-17 07:45:05.596757 +00:00	2023.11.17 11:00:16	23.953	0	3.23	2023.11.17 11:04	-0.06	VHMA
240	XAGUSD	buy	23.831	23.64212160998566	24.019878390014338	0.1	0	0	2023-11-17 06:30:06.455987 +00:00	2023.11.17 10:59:58	23.953	0	34.09	2023.11.17 11:07	-0.06	VHMA
259	GBPCAD	buy	1.70515	1.6999785422796037	1.7103214577203962	0.1	0	0	2023-11-17 09:45:03.847454 +00:00	2023.11.17 12:00:17	1.70564	-0.14	31.27	2023.11.20 03:59	-0.14	SSL + Wave Trend Strategy
250	GBPUSD	buy	1.23816	1.2311112736622003	1.2452087263377996	0.1	0	0	2023-11-17 09:00:04.184601 +00:00	2023.11.17 11:30:06	1.23996	0	23.28	2023.11.17 13:37	-0.14	AI Volume Supertrend
243	GBPUSD	buy	1.24118	1.2309836621412955	1.2513763378587044	0.1	0	0	2023-11-17 07:00:02.891986 +00:00	2023.11.17 11:00:03	1.23825	0	32.55	2023.11.17 16:11	-0.14	AI Volume Supertrend
261	EURUSD	buy	1.08574	1.080890750545344	1.0905892494546559	0.1	0	0	2023-11-17 09:45:05.342607 +00:00	2023.11.17 12:00:29	1.0853	0	15.55	2023.11.17 13:06	-0.14	VHMA
273	EURUSD	buy	1.08662	1.0836696271573556	1.0895703728426442	0.1	0	0	2023-11-17 12:00:10.243252 +00:00	2023.11.17 14:15:05	1.08665	0	26.62	2023.11.17 20:23	-0.14	AI Volume Supertrend
262	GBPUSD	buy	1.24099	1.236105623848835	1.245874376151165	0.1	0	0	2023-11-17 10:00:03.399912 +00:00	2023.11.17 12:03:25	1.24162	0	0	2023.11.17 15:45	-0.14	AI Volume Supertrend
260	GBPCAD	buy	1.70515	1.6971144936551579	1.713185506344842	0.1	0	0	2023-11-17 09:45:04.288918 +00:00	2023.11.17 12:00:23	1.70557	-0.14	26.93	2023.11.20 04:33	-0.14	SSL + Wave Trend Strategy
255	EURUSD	buy	1.08565	1.0828573778390462	1.0884426221609538	0.1	0	0	2023-11-17 09:15:06.361565 +00:00	2023.11.17 11:30:35	1.08538	0	28.11	2023.11.17 16:05	-0.14	VHMA
272	GBPUSD	buy	1.24292	1.238083771105672	1.247756228894328	0.1	0	0	2023-11-17 12:00:02.708197 +00:00	2023.11.17 14:15:00	1.24322	-0.18	41.94	2023.11.20 04:30	-0.14	AI Volume Supertrend
108	CHFJPY	buy	170.323	169.87421315582284	170.77178684417717	0.1	0	0	2023-11-16 09:00:03.842563 +00:00	2023.11.16 11:30:30	170.123	0	-15.99	2023.11.16 15:20	-0.14	VHMA
242	CHFJPY	buy	169.573	169.12632137729267	170.01967862270735	0.1	0	0	2023-11-17 07:00:01.883648 +00:00	2023.11.20 02:00:06	169.271	0	-8.87	2023.11.20 02:18	-0.14	Super AI Trend
258	GBPCAD	buy	1.70515	1.6791490562735802	1.7311509437264196	0.1	0	0	2023-11-17 09:45:03.400666 +00:00	2023.11.17 12:00:11	1.70559	-0.14	26.93	2023.11.20 05:08	-0.14	SSL Hybrid
263	AUDNZD	buy	1.08623	1.0842721761092002	1.0881878238907998	0.1	0	0	2023-11-17 10:00:04.001020 +00:00	2023.11.17 12:03:31	1.0862	0	11.14	2023.11.17 19:05	-0.14	Super AI Trend
265	GBPCAD	buy	1.70576	1.701795032265013	1.7097249677349868	0.1	0	0	2023-11-17 10:15:01.608292 +00:00	2023.11.17 12:30:00	1.70626	-0.14	23.12	2023.11.20 03:25	-0.14	VHMA
269	EURUSD	buy	1.08708	1.0836926809764003	1.0904673190235998	0.1	0	0	2023-11-17 11:00:08.859326 +00:00	2023.11.17 13:00:59	1.08722	0	29.9	2023.11.17 22:26	-0.14	AI Volume Supertrend
271	EURCHF	buy	0.9644	0.9627456901617686	0.9660543098382315	0.1	0	0	2023-11-17 11:30:03.559040 +00:00	2023.11.17 13:45:06	0.96452	0	15.84	2023.11.17 22:45	-0.14	VHMA
278	EURUSD	buy	1.08763	1.084376955523269	1.0908830444767312	0.1	0	0	2023-11-17 13:15:05.400243 +00:00	2023.11.17 16:45:24	1.08667	0	29.36	2023.11.17 21:32	-0.14	Super AI Trend
280	XAGUSD	buy	24.0865	23.892036787925836	24.280963212074166	0.1	0	0	2023-11-17 13:15:06.291589 +00:00	""	0	0	0	""	0	SSL + Wave Trend Strategy
279	XAGUSD	buy	24.0865	23.72637997866195	24.446620021338052	0.1	0	0	2023-11-17 13:15:05.850773 +00:00	2023.11.17 16:45:29	23.775	0	-24.39	2023.11.17 16:48	-0.05	SSL + Wave Trend Strategy
281	XAGUSD	buy	24.0865	23.89859070319734	24.274409296802663	0.1	0	0	2023-11-17 13:15:06.766950 +00:00	""	0	0	0	""	0	SSL Hybrid
306	EURUSD	buy	1.08786	1.0850463408684454	1.0906736591315547	0.1	0	0	2023-11-17 17:00:13.095223 +00:00	2023.11.17 19:15:17	1.0887	0	18.98	2023.11.17 22:53	-0.14	AI Volume Supertrend
310	EURCHF	buy	0.96526	0.9610132668347308	0.9695067331652693	0.1	0	0	2023-11-17 17:45:07.614294 +00:00	2023.11.17 20:00:03	0.9654	0.35	14.89	""	0	SSL Hybrid
302	USDCAD	buy	1.37434	1.3711810395234514	1.3774989604765484	0.1	0	0	2023-11-17 16:45:07.070248 +00:00	2023.11.17 19:00:00	1.37424	0	-20.81	2023.11.17 20:35	-0.14	VHMA
318	AUDNZD	buy	1.08783	1.0859078052343354	1.0897521947656648	0.1	0	0	2023-11-17 20:00:04.734123 +00:00	2023.11.17 22:15:01	1.08763	-0.33	-10.81	2023.11.20 00:05	-0.14	Super AI Trend
313	GBPUSD	buy	1.24356	1.2382686521365143	1.2488513478634857	0.1	0	0	2023-11-17 18:00:12.502230 +00:00	2023.11.17 20:15:05	1.24411	-0.18	43.38	2023.11.20 06:13	-0.14	AI Volume Supertrend
316	GBPUSD	buy	1.24562	1.2410640949958216	1.2501759050041783	0.1	0	0	2023-11-17 19:00:01.929494 +00:00	2023.11.17 21:26:55	1.24526	-0.18	36.57	2023.10.24 20:20	0	AI Volume Supertrend
312	GBPUSD	buy	1.24356	1.238908450483754	1.248211549516246	0.1	0	0	2023-11-17 18:00:06.038655 +00:00	2023.11.17 20:15:00	1.24412	-0.18	37.53	2023.11.20 04:43	-0.14	SSL Hybrid
300	CHFJPY	buy	168.827	167.38740540578883	170.26659459421117	0.1	0	0	2023-11-17 16:30:02.236753 +00:00	2023.11.17 18:45:02	168.907	0.2	0	2023.11.20 03:21	-0.14	VHMA
283	GBPUSD	buy	1.24211	1.2384122660230852	1.245807733976915	0.1	0	0	2023-11-17 14:00:03.820977 +00:00	2023.11.17 16:45:41	1.24176	0	0.28	2023.11.17 18:27	-0.14	AI Volume Supertrend
295	USDCAD	buy	1.37196	1.3691715482295095	1.3747484517704907	0.1	0	0	2023-11-17 15:45:09.088134 +00:00	2023.11.17 18:00:11	1.37283	0	-24.52	2023.11.20 06:16	-0.14	SSL Hybrid
298	GBPUSD	buy	1.2434	1.231674857167542	1.2551251428324581	0.1	0	0	2023-11-17 16:00:15.740059 +00:00	2023.11.17 18:15:16	1.2432	-0.18	32.13	""	0	AI Volume Supertrend
291	GBPCAD	buy	1.70483	1.6978387695313435	1.7118212304686566	0.1	0	0	2023-11-17 15:45:01.484204 +00:00	2023.11.17 17:45:02	1.70503	-0.14	27.2	2023.11.20 03:05	-0.14	SSL Hybrid
292	GBPCAD	buy	1.70483	1.6996563915360678	1.7100036084639323	0.1	0	0	2023-11-17 15:45:02.149701 +00:00	2023.11.17 17:45:07	1.70494	0	30	2023.11.17 23:33	-0.14	SSL + Wave Trend Strategy
304	AUDNZD	buy	1.08785	1.0859261975995556	1.0897738024004444	0.1	0	0	2023-11-17 17:00:03.976206 +00:00	2023.11.17 19:15:06	1.08788	-0.33	-12.18	2023.11.20 00:05	-0.14	SSL Hybrid
445	EURCHF	buy	0.96721	0.9639564688915354	0.9704635311084646	0.1	0	0	2023-11-20 16:00:05.453272 +00:00	2023.11.20 18:01:19	0.96722	0	0	""	0	T3-JMaCrossover
293	GBPCAD	buy	1.70483	1.7008649185537428	1.7087950814462574	0.1	0	0	2023-11-17 15:45:02.599029 +00:00	2023.11.17 18:00:00	1.70708	0	12.9	2023.11.17 22:57	-0.14	SSL + Wave Trend Strategy
287	GBPUSD	buy	1.24183	1.2364405879228417	1.2472194120771583	0.1	0	0	2023-11-17 15:00:04.888694 +00:00	2023.11.17 17:15:01	1.24189	0	-0.18	2023.11.17 18:27	-0.14	AI Volume Supertrend
301	USDCAD	buy	1.3735	1.3703474137963152	1.3766525862036847	0.1	0	0	2023-11-17 16:30:08.982231 +00:00	2023.11.17 18:45:08	1.37424	0	-26.19	2023.11.20 04:33	-0.14	Super AI Trend
284	EURCHF	buy	0.96428	0.9626193616426075	0.9659406383573925	0.1	0	0	2023-11-17 14:00:05.350342 +00:00	2023.11.17 16:45:47	0.96482	0	11.49	2023.11.17 22:34	-0.14	VHMA
282	CHFJPY	buy	168.409	167.81204249019615	169.00595750980384	0.1	0	0	2023-11-17 13:30:01.184992 +00:00	2023.11.17 16:45:35	168.565	0	21.96	2023.11.17 19:18	-0.14	SSL Hybrid
290	EURUSD	buy	1.08798	1.0840688240383447	1.0918911759616552	0.1	0	0	2023-11-17 15:30:10.363896 +00:00	2023.11.17 17:45:12	1.08874	-0.64	29.12	2023.11.20 04:27	-0.14	SSL Hybrid
297	GBPUSD	buy	1.2434	1.2397303952431282	1.247069604756872	0.1	0	0	2023-11-17 16:00:06.374756 +00:00	2023.11.17 18:15:11	1.24318	-0.18	35.65	2023.11.20 04:13	-0.14	SSL Hybrid
307	GBPUSD	buy	1.24349	1.2401454490571695	1.2468345509428305	0.1	0	0	2023-11-17 17:15:01.484335 +00:00	2023.11.17 19:30:00	1.24301	-0.18	35.01	2023.11.20 03:28	-0.14	SSL Hybrid
286	EURUSD	buy	1.08712	1.0833119113815775	1.0909280886184227	0.1	0	0	2023-11-17 14:00:10.181237 +00:00	2023.11.17 16:45:59	1.08668	0	29.45	2023.11.17 21:09	-0.14	SSL Hybrid
299	EURUSD	buy	1.08868	1.0853081804869495	1.0920518195130506	0.1	0	0	2023-11-17 16:00:18.686604 +00:00	2023.11.17 18:15:00	1.08873	-0.64	30.49	2023.11.20 04:28	-0.14	AI Volume Supertrend
303	GBPCAD	buy	1.70779	1.7002483047176806	1.7153316952823192	0.1	0	0	2023-11-17 17:00:03.480016 +00:00	2023.11.17 19:15:00	1.70817	-0.14	31.57	""	0	Super AI Trend
317	EURUSD	buy	1.09034	1.0874361532083223	1.0932438467916779	0.1	0	0	2023-11-17 19:00:09.794176 +00:00	2023.11.17 21:26:50	1.09013	-0.64	28.81	2023.11.20 06:17	-0.14	AI Volume Supertrend
288	USDCAD	buy	1.3727	1.370018743404883	1.3753812565951171	0.1	0	0	2023-11-17 15:00:07.108033 +00:00	2023.11.17 17:15:06	1.37213	0	-14.23	2023.11.20 04:54	-0.14	SSL Hybrid
207	GBPUSD	buy	1.2407	1.2367972575144408	1.244602742485559	0.1	0	0	2023-11-17 04:00:02.743170 +00:00	2023.11.17 10:59:04	1.23852	0	26.6	2023.11.17 15:55	-0.14	AI Volume Supertrend
305	GBPUSD	buy	1.24277	1.2357212733007366	1.2498187266992633	0.1	0	0	2023-11-17 17:00:05.062936 +00:00	2023.11.17 19:15:12	1.24356	-0.18	50.57	""	0	AI Volume Supertrend
296	GBPCAD	buy	1.70695	1.6985496185671491	1.7153503814328508	0.1	0	0	2023-11-17 16:00:02.743445 +00:00	2023.11.17 18:15:05	1.7063	-0.14	22.57	""	0	VHMA
311	EURUSD	buy	1.08888	1.084004664135715	1.093755335864285	0.1	0	0	2023-11-17 17:45:08.494284 +00:00	2023.11.17 20:00:08	1.08904	-0.64	17.14	2023.10.25 05:48	0	SSL Hybrid
308	GBPUSD	buy	1.24349	1.2396335242462306	1.2473464757537693	0.1	0	0	2023-11-17 17:15:01.930329 +00:00	2023.11.17 19:30:05	1.24302	-0.18	33.82	2023.11.20 04:04	-0.14	Super AI Trend
289	EURUSD	buy	1.08695	1.0841572985306243	1.089742701469376	0.1	0	0	2023-11-17 15:00:16.567339 +00:00	2023.11.17 17:15:12	1.0873	0	22.85	2023.11.17 20:42	-0.14	AI Volume Supertrend
285	EURUSD	buy	1.08712	1.084171215304254	1.0900687846957462	0.1	0	0	2023-11-17 14:00:09.772000 +00:00	2023.11.17 16:45:53	1.0867	0	32.1	2023.11.17 20:54	-0.14	AI Volume Supertrend
362	AUDNZD	buy	1.08679	1.083954942457869	1.089625057542131	0.1	0	0	2023-11-20 03:00:14.254160 +00:00	2023.11.20 10:47:41	1.08646	0	8.37	""	0	VHMA
309	EURUSD	buy	1.08869	1.085892897543231	1.091487102456769	0.1	0	0	2023-11-17 17:15:07.273405 +00:00	2023.11.17 19:30:11	1.08839	-0.64	28.4	2023.11.20 04:24	-0.14	SSL Hybrid
267	EURUSD	buy	1.0862	1.0834072959698187	1.0889927040301814	0.1	0	0	2023-11-17 10:15:06.068184 +00:00	2023.11.17 12:30:11	1.08666	0	21.4	2023.11.17 17:38	-0.14	VHMA
277	GBPCAD	buy	1.70561	1.6987081474391064	1.7125118525608938	0.1	0	0	2023-11-17 13:15:02.934592 +00:00	2023.11.17 16:45:18	1.70313	0	27.23	2023.11.17 18:02	-0.14	SSL Hybrid
315	XAGUSD	buy	23.767	23.579125043072903	23.954874956927096	0.1	0	0	2023-11-17 18:30:09.184226 +00:00	2023.11.17 20:45:00	23.794	-2.12	-104.09	2023.11.20 02:00	-0.05	SSL Hybrid
333	AUDNZD	buy	1.08682	1.0844501746416548	1.089189825358345	0.1	0	0	2023-11-19 22:45:03.943871 +00:00	2023.11.20 02:00:12	1.08613	0	-9.52	2023.11.20 03:04	-0.14	VHMA
324	EURUSD	buy	1.09127	1.0884752953602557	1.0940647046397443	0.1	0	0	2023-11-17 22:01:02.772464 +00:00	2023.11.20 00:33:16	1.09116	0	18.66	""	0	AI Volume Supertrend
358	AUDNZD	buy	1.08568	1.0828362409397034	1.0885237590602965	0.1	0	0	2023-11-20 02:30:03.815139 +00:00	2023.11.20 10:48:30	1.08648	0	7.42	""	0	SSL Hybrid
343	EURCHF	buy	0.96631	0.9629224849235111	0.9696975150764889	0.1	0	0	2023-11-19 23:15:17.018890 +00:00	2023.11.20 02:01:08	0.96621	0	4.45	""	0	GaussianChannelTrendAI
361	EURUSD	buy	1.09224	1.0878629729270668	1.0966170270729334	0.1	0	0	2023-11-20 03:00:11.742442 +00:00	2023.11.20 10:48:46	1.09182	0	18.74	""	0	AI Volume Supertrend
335	GBPUSD	buy	1.24519	1.2408358775261419	1.2495441224738582	0.1	0	0	2023-11-19 23:00:08.108702 +00:00	2023.11.20 02:00:23	1.24552	0	33.28	""	0	AI Volume Supertrend
325	USDCAD	buy	1.3721	1.3694260822288171	1.374773917771183	0.1	0	0	2023-11-17 22:01:03.987919 +00:00	2023.11.20 00:33:21	1.37192	0	-16.71	2023.11.20 06:12	-0.14	SSL Hybrid
327	XRPUSD	buy	0.60469	0.5992704927825696	0.6101095072174303	0.1	0	0	2023-11-18 14:31:01.236094 +00:00	""	0	0	0	""	0	SentimentRangeMa
323	EURUSD	buy	1.09083	1.0880373670194141	1.0936226329805858	0.1	0	0	2023-11-17 21:00:10.399804 +00:00	2023.11.17 23:15:05	1.09054	-0.64	3.3	2023.10.25 11:08	0	AI Volume Supertrend
350	GBPUSD	buy	1.24503	1.2413349197399786	1.2487250802600216	0.1	0	0	2023-11-20 01:00:12.583903 +00:00	2023.11.20 03:15:07	1.24591	0	26.09	2023.11.20 06:12	-0.14	AI Volume Supertrend
328	XRPUSD	buy	0.61089	0.6053089494928812	0.6164710505071189	0.1	0	0	2023-11-19 00:01:11.134889 +00:00	2023.11.20 00:33:33	0	0	0	""	0	SentimentRangeMa
348	CHFJPY	buy	169.143	168.52547860976904	169.76052139023096	0.1	0	0	2023-11-20 00:45:04.921989 +00:00	2023.11.20 03:00:14	169.135	0	-38.65	2023.11.20 04:43	-0.14	SSL Hybrid
347	EURUSD	buy	1.09056	1.0862552266558685	1.0948647733441315	0.1	0	0	2023-11-20 00:00:14.520374 +00:00	2023.11.20 03:00:07	1.0902	0	21.24	""	0	AI Volume Supertrend
332	XRPUSD	buy	0.614	0.5969670425623625	0.6310329574376374	0.1	0	0	2023-11-19 12:30:19.538380 +00:00	2023.11.20 00:33:50	0.62404	0	-0.05	""	0	GaussianChannelTrendAI
342	GBPCAD	buy	1.70888	1.7042124752499992	1.7135475247500007	0.1	0	0	2023-11-19 23:15:14.991073 +00:00	2023.11.20 02:01:04	1.70896	0	18.15	""	0	GaussianChannelTrendAI
341	EURCHF	buy	0.96631	0.9630558048685945	0.9695641951314055	0.1	0	0	2023-11-19 23:15:12.959095 +00:00	2023.11.20 02:00:57	0.96615	0	4.76	""	0	SentimentRangeMa
336	EURUSD	buy	1.0911	1.0877428522422445	1.0944571477577554	0.1	0	0	2023-11-19 23:00:09.987596 +00:00	2023.11.20 02:00:29	1.09058	0	18.76	""	0	AI Volume Supertrend
322	GBPUSD	buy	1.24602	1.241461298743226	1.2505787012567737	0.1	0	0	2023-11-17 21:00:03.970657 +00:00	2023.11.17 23:15:00	1.24592	-0.18	29.72	2023.10.25 09:18	0	AI Volume Supertrend
339	GBPCAD	buy	1.70888	1.7042972834071337	1.7134627165928662	0.1	0	0	2023-11-19 23:15:09.073872 +00:00	2023.11.20 02:00:46	1.70901	0	18.28	""	0	SentimentRangeMa
338	GBPCAD	buy	1.70888	1.704225184953467	1.7135348150465328	0.1	0	0	2023-11-19 23:15:07.082607 +00:00	2023.11.20 02:00:40	1.70898	0	18.42	""	0	Super AI Trend
355	USDCAD	buy	1.3719	1.3675444954040321	1.3762555045959677	0.1	0	0	2023-11-20 01:45:12.203457 +00:00	2023.11.20 10:48:19	1.37136	0	17.45	""	0	SSL Hybrid
340	EURCHF	buy	0.96631	0.9631254014150121	0.9694945985849879	0.1	0	0	2023-11-19 23:15:10.976512 +00:00	2023.11.20 02:00:51	0.96616	0	4.76	""	0	Super AI Trend
326	GBPUSD	buy	1.24531	1.241125364921282	1.249494635078718	0.1	0	0	2023-11-17 22:01:04.426603 +00:00	2023.11.20 00:33:26	1.24618	0	30.54	2023.11.20 06:19	-0.14	AI Volume Supertrend
346	GBPUSD	buy	1.24531	1.24095223108823	1.24966776891177	0.1	0	0	2023-11-20 00:00:07.158660 +00:00	2023.11.20 03:00:01	1.24519	0	34.11	""	0	AI Volume Supertrend
345	CHFJPY	buy	169.125	168.4516049320789	169.7983950679211	0.1	0	0	2023-11-19 23:30:09.689064 +00:00	2023.11.20 02:01:20	169.302	0	-53.73	2023.11.20 04:54	-0.14	SSL Hybrid
334	CHFJPY	buy	168.921	168.41585068482414	169.42614931517585	0.1	0	0	2023-11-19 23:00:04.000821 +00:00	2023.11.20 02:00:17	169.263	0	-52.29	2023.11.20 05:32	-0.14	VHMA
344	USDCAD	buy	1.37186	1.3680323648501351	1.375687635149865	0.1	0	0	2023-11-19 23:30:07.493252 +00:00	2023.11.20 02:01:14	1.37222	0	8.99	""	0	SSL Hybrid
319	GBPUSD	buy	1.24484	1.240286936153441	1.249393063846559	0.1	0	0	2023-11-17 20:00:06.274404 +00:00	2023.11.17 22:15:06	1.24519	-0.18	38.41	2023.11.20 06:17	-0.14	AI Volume Supertrend
360	AUDNZD	buy	1.08679	1.0844193361261283	1.0891606638738716	0.1	0	0	2023-11-20 03:00:08.950542 +00:00	2023.11.20 10:48:40	1.08649	0	6.33	""	0	Super AI Trend
331	XRPUSD	buy	0.614	0.6077868031880239	0.6202131968119761	0.1	0	0	2023-11-19 12:30:15.717446 +00:00	2023.11.20 10:47:46	0.62123	0	0	""	0	SentimentRangeMa
353	GBPCAD	buy	1.70959	1.7049271906419805	1.7142528093580194	0.1	0	0	2023-11-20 01:30:05.541493 +00:00	2023.11.20 10:48:24	1.71139	0	11.46	""	0	SSL Hybrid
337	EURCHF	buy	0.96631	0.9638890913444977	0.9687309086555023	0.1	0	0	2023-11-19 23:15:04.763008 +00:00	2023.11.20 02:00:34	0.96621	0	4.34	""	0	SSL Hybrid
320	EURUSD	buy	1.08997	1.085855599767756	1.0940844002322443	0.1	0	0	2023-11-17 20:00:11.148093 +00:00	2023.11.17 22:15:12	1.09005	-0.64	22.52	2023.10.24 21:13	0	AI Volume Supertrend
351	XAGUSD	buy	23.6686	23.39995363209076	23.937246367909243	0.1	0	0	2023-11-20 01:15:05.674441 +00:00	2023.11.20 10:47:57	23.555	0	31.54	""	0	SSL Hybrid
354	GBPUSD	buy	1.24671	1.2430347839381277	1.2503852160618723	0.1	0	0	2023-11-20 01:30:08.592576 +00:00	2023.11.20 10:47:52	1.24814	0	6.13	""	0	SSL Hybrid
352	XAGUSD	buy	23.6686	23.42911428402324	23.908085715976764	0.1	0	0	2023-11-20 01:15:07.307815 +00:00	2023.11.20 10:48:08	23.555	0	29.71	""	0	Super AI Trend
321	EURCHF	buy	0.96585	0.9639445045667442	0.9677554954332558	0.1	0	0	2023-11-17 20:30:10.847454 +00:00	2023.11.17 22:45:00	0.966	0.35	6.62	2023.10.25 05:19	0	SSL Hybrid
349	EURUSD	buy	1.09013	1.0855200169354573	1.0947399830645428	0.1	0	0	2023-11-20 01:00:10.157198 +00:00	2023.11.20 03:15:02	1.09055	0	18.4	""	0	AI Volume Supertrend
357	GBPUSD	buy	1.24685	1.2417943192152976	1.2519056807847024	0.1	0	0	2023-11-20 02:00:14.627853 +00:00	2023.11.20 10:48:02	1.24813	0	1.74	""	0	AI Volume Supertrend
359	EURUSD	buy	1.09212	1.0887742434108694	1.0954657565891306	0.1	0	0	2023-11-20 02:30:07.566225 +00:00	2023.11.20 10:48:35	1.09188	0	19.56	""	0	SSL Hybrid
329	XRPUSD	buy	0.61089	0.5988341621875634	0.6229458378124367	0.1	0	0	2023-11-19 00:01:13.700945 +00:00	2023.11.20 00:33:38	0.62408	0	-0.01	2023.11.20 01:00	0	GaussianChannelTrendAI
368	XAGUSD	buy	23.7675	23.530829784594793	24.004170215405203	0.1	0	0	2023-11-20 04:15:08.710269 +00:00	""	0	0	0	""	0	VHMA
370	XAGUSD	buy	23.77	23.533047302756096	24.006952697243904	0.1	0	0	2023-11-20 04:30:10.000994 +00:00	""	0	0	0	""	0	Super AI Trend
356	EURUSD	buy	1.09084	1.0865306675752073	1.0951493324247927	0.1	0	0	2023-11-20 02:00:09.362658 +00:00	2023.11.20 10:48:13	1.09207	0	17.55	""	0	AI Volume Supertrend
365	EURCHF	buy	0.96627	0.9630165350540483	0.9695234649459517	0.1	0	0	2023-11-20 03:45:14.350213 +00:00	2023.11.20 10:49:02	0.96584	0	13.24	""	0	SSL Hybrid
376	AUDNZD	buy	1.08643	1.083599274131013	1.089260725868987	0.1	0	0	2023-11-20 05:15:11.487414 +00:00	2023.11.20 10:49:51	1.08639	0	6.88	""	0	VHMA
364	XAGUSD	buy	23.669	23.36846756963576	23.96953243036424	0.1	0	0	2023-11-20 03:30:12.297560 +00:00	2023.11.20 10:48:57	23.543	0	1.83	""	0	SSL Hybrid
401	EURUSD	buy	1.09193	1.0876236328760012	1.096236367123999	0.1	0	0	2023-11-20 09:00:14.266604 +00:00	2023.11.20 14:00:11	1.09231	0	14.72	""	0	AI Volume Supertrend
367	EURUSD	buy	1.0924	1.0877808954444563	1.0970191045555437	0.1	0	0	2023-11-20 04:00:16.361347 +00:00	2023.11.20 10:49:13	1.09168	0	19.11	""	0	AI Volume Supertrend
371	CHFJPY	buy	168.575	168.0703000358885	169.07969996411148	0.1	0	0	2023-11-20 04:45:07.189765 +00:00	2023.11.20 10:49:24	168.208	0	0	""	0	Super AI Trend
372	CHFJPY	buy	168.575	168.0563620831102	169.09363791688978	0.1	0	0	2023-11-20 04:45:10.871795 +00:00	2023.11.20 10:49:29	168.209	0	0	""	0	GaussianChannelTrendAI
363	GBPUSD	buy	1.24831	1.244616434045063	1.2520035659549371	0.1	0	0	2023-11-20 03:00:17.157926 +00:00	2023.11.20 10:48:51	1.24783	0	4.76	""	0	AI Volume Supertrend
369	XAGUSD	buy	23.77	23.477716569870324	24.062283430129675	0.1	0	0	2023-11-20 04:30:07.484056 +00:00	2023.11.20 10:49:18	23.543	0	1.83	""	0	SentimentRangeMa
374	EURUSD	buy	1.0922	1.0869047748066094	1.0974952251933907	0.1	0	0	2023-11-20 05:00:10.319460 +00:00	2023.11.20 10:49:40	1.09163	0	19.47	""	0	AI Volume Supertrend
375	EURUSD	buy	1.09259	1.0889430727897307	1.0962369272102692	0.1	0	0	2023-11-20 05:15:08.309871 +00:00	2023.11.20 10:49:46	1.0917	0	18.83	""	0	SSL Hybrid
395	AUDNZD	buy	1.08672	1.0841876804890833	1.0892523195109165	0.1	0	0	2023-11-20 08:15:17.118813 +00:00	2023.11.20 10:51:34	1.08627	0	12.65	""	0	SSL Hybrid
387	EURCHF	buy	0.96552	0.9625808994649445	0.9684591005350556	0.1	0	0	2023-11-20 08:00:13.235286 +00:00	2023.11.20 10:50:51	0.9658	0	13.55	""	0	SSL Hybrid
377	EURUSD	buy	1.09186	1.088213662055895	1.095506337944105	0.1	0	0	2023-11-20 06:00:09.681609 +00:00	2023.11.20 10:49:56	1.0917	0	17.83	""	0	AI Volume Supertrend
380	CHFJPY	buy	168.683	168.16260643878127	169.20339356121872	0.1	0	0	2023-11-20 06:00:14.722440 +00:00	2023.11.20 10:50:13	168.23	0	0	""	0	SSL Hybrid
366	GBPUSD	buy	1.24844	1.2447206170924747	1.2521593829075253	0.1	0	0	2023-11-20 04:00:11.958251 +00:00	2023.11.20 10:49:08	1.24761	0	4.76	""	0	AI Volume Supertrend
373	GBPUSD	buy	1.24857	1.244205112885764	1.2529348871142358	0.1	0	0	2023-11-20 05:00:07.836899 +00:00	2023.11.20 10:49:35	1.24753	0	5.67	""	0	AI Volume Supertrend
379	GBPUSD	buy	1.24805	1.2430583149490668	1.2530416850509334	0.1	0	0	2023-11-20 06:00:13.085315 +00:00	2023.11.20 10:50:07	1.2475	0	24.88	""	0	AI Volume Supertrend
383	EURUSD	buy	1.09171	1.0883594515100494	1.0950605484899505	0.1	0	0	2023-11-20 07:00:09.638615 +00:00	2023.11.20 10:50:29	1.09169	0	17.56	""	0	AI Volume Supertrend
384	EURCHF	buy	0.96563	0.9622884215328447	0.9689715784671553	0.1	0	0	2023-11-20 07:15:10.203237 +00:00	2023.11.20 10:50:34	0.96585	0	12.93	""	0	SSL Hybrid
399	GBPUSD	buy	1.24812	1.243765877846847	1.2524741221531528	0.1	0	0	2023-11-20 09:00:08.272127 +00:00	2023.11.20 14:00:00	1.24709	0	21.85	""	0	AI Volume Supertrend
400	USDCAD	buy	1.37174	1.3681029924866808	1.3753770075133191	0.1	0	0	2023-11-20 09:00:11.530486 +00:00	2023.11.20 14:00:06	1.37179	0	8.72	""	0	Super AI Trend
385	GBPUSD	buy	1.24746	1.242475126025036	1.252444873974964	0.1	0	0	2023-11-20 08:00:06.987500 +00:00	2023.11.20 10:50:40	1.2476	0	25.52	""	0	AI Volume Supertrend
388	EURUSD	buy	1.09162	1.0882695311523591	1.094970468847641	0.1	0	0	2023-11-20 08:00:15.007944 +00:00	2023.11.20 10:50:56	1.0917	0	17.1	""	0	AI Volume Supertrend
378	USDCAD	buy	1.3706	1.3665216927253925	1.3746783072746076	0.1	0	0	2023-11-20 06:00:11.335367 +00:00	2023.11.20 10:50:02	1.37154	0	16.83	""	0	SSL Hybrid
397	EURCHF	buy	0.96642	0.963157769397666	0.9696822306023339	0.1	0	0	2023-11-20 08:30:08.197123 +00:00	2023.11.20 10:51:45	0.96564	0	12	""	0	Super AI Trend
391	EURUSD	buy	1.09277	1.088261081247175	1.0972789187528251	0.1	0	0	2023-11-20 08:15:09.891043 +00:00	2023.11.20 10:51:12	1.0917	0	18.01	""	0	SSL Hybrid
393	EURUSD	buy	1.09277	1.0884637754219217	1.0970762245780783	0.1	0	0	2023-11-20 08:15:13.464561 +00:00	2023.11.20 10:51:23	1.0917	0	17.47	""	0	GaussianChannelTrendAI
392	EURUSD	buy	1.09277	1.0882441059115355	1.0972958940884645	0.1	0	0	2023-11-20 08:15:11.655867 +00:00	2023.11.20 10:51:18	1.0917	0	17.92	""	0	Super AI Trend
394	EURUSD	buy	1.09277	1.0894180801938609	1.0961219198061392	0.1	0	0	2023-11-20 08:15:15.254009 +00:00	2023.11.20 10:51:29	1.09165	0	17.47	""	0	SentimentRangeMa
389	GBPUSD	buy	1.2492	1.2448441780937523	1.253555821906248	0.1	0	0	2023-11-20 08:15:05.197453 +00:00	2023.11.20 10:51:02	1.24776	0	26.15	""	0	SSL Hybrid
398	EURCHF	buy	0.96642	0.9632622582190591	0.9695777417809408	0.1	0	0	2023-11-20 08:30:10.243486 +00:00	2023.11.20 10:51:50	0.96564	0	12	""	0	SentimentRangeMa
402	EURUSD	buy	1.09295	1.0896080674311768	1.0962919325688234	0.1	0	0	2023-11-20 09:15:06.642985 +00:00	2023.11.20 14:00:16	1.09231	0	14.81	""	0	SSL Hybrid
390	GBPCAD	buy	1.71147	1.706852493635465	1.716087506364535	0.1	0	0	2023-11-20 08:15:07.683734 +00:00	2023.11.20 10:51:07	1.71119	0	20.9	""	0	SSL Hybrid
381	AUDNZD	buy	1.08666	1.0840265995504017	1.0892934004495982	0.1	0	0	2023-11-20 06:15:04.886029 +00:00	2023.11.20 10:50:18	1.08625	0	11.87	""	0	VHMA
386	USDCAD	buy	1.37071	1.3670249412541826	1.3743950587458176	0.1	0	0	2023-11-20 08:00:11.309195 +00:00	2023.11.20 10:50:45	1.37153	0	15.59	""	0	SSL Hybrid
382	AUDNZD	buy	1.08688	1.0844450047384644	1.0893149952615357	0.1	0	0	2023-11-20 06:30:10.563546 +00:00	2023.11.20 10:50:24	1.08625	0	11.87	""	0	SSL + Wave Trend Strategy
396	EURCHF	buy	0.96642	0.9631569979302448	0.9696830020697551	0.1	0	0	2023-11-20 08:30:05.444467 +00:00	2023.11.20 10:51:39	0.96564	0	11.9	""	0	GaussianChannelTrendAI
330	XRPUSD	buy	0.60775	0.5907174116105415	0.6247825883894585	0.1	0	0	2023-11-19 04:00:12.934360 +00:00	2023.11.20 00:33:44	0.62408	0	0.01	2023.11.20 01:02	0	GaussianChannelTrendAI
294	CHFJPY	buy	168.801	168.1482713445522	169.45372865544778	0.1	0	0	2023-11-17 15:45:03.632636 +00:00	2023.11.17 18:00:06	168.756	0.2	24.47	2023.11.20 02:13	-0.14	Super AI Trend
268	GBPUSD	buy	1.24309	1.2394203546049116	1.2467596453950884	0.1	0	0	2023-11-17 11:00:03.856143 +00:00	2023.11.17 13:00:53	1.24316	-0.18	33	2023.11.20 03:25	-0.14	AI Volume Supertrend
314	EURUSD	buy	1.08903	1.0855738264775598	1.09248617352244	0.1	0	0	2023-11-17 18:00:12.941668 +00:00	2023.11.17 20:15:11	1.0893	-0.64	29.2	2023.11.20 05:37	-0.14	AI Volume Supertrend
410	EURUSD	buy	1.09262	1.0883087201836272	1.0969312798163726	0.1	0	0	2023-11-20 11:00:08.682450 +00:00	2023.11.20 14:00:49	1.09226	0	14.08	""	0	AI Volume Supertrend
408	AUDNZD	buy	1.08668	1.0843090107495374	1.0890509892504627	0.1	0	0	2023-11-20 10:30:08.964323 +00:00	2023.11.20 14:00:38	1.08768	0	-0.44	""	0	SSL Hybrid
409	GBPUSD	buy	1.24717	1.2421634380646844	1.2521765619353153	0.1	0	0	2023-11-20 11:00:04.440648 +00:00	2023.11.20 14:00:44	1.24695	0	21.21	""	0	AI Volume Supertrend
406	USDCAD	buy	1.37086	1.367028610898202	1.374691389101798	0.1	0	0	2023-11-20 10:15:07.226223 +00:00	2023.11.20 14:00:27	1.37185	0	13.51	""	0	SSL Hybrid
407	AUDNZD	buy	1.08637	1.083534940496922	1.0892050595030782	0.1	0	0	2023-11-20 10:15:09.803955 +00:00	2023.11.20 14:00:33	1.08768	0	-0.72	""	0	VHMA
404	EURUSD	buy	1.09368	1.0892914094132113	1.0980685905867886	0.1	0	0	2023-11-20 10:00:12.787930 +00:00	2023.11.20 14:00:22	1.09232	0	14.63	""	0	AI Volume Supertrend
403	GBPUSD	buy	1.25099	1.2473180586287471	1.254661941371253	0.1	0	0	2023-11-20 10:00:09.305792 +00:00	2023.11.20 18:01:24	1.24974	0	0	""	0	SSL Hybrid
405	GBPUSD	buy	1.25099	1.2473010367066384	1.2546789632933617	0.1	0	0	2023-11-20 10:00:14.808644 +00:00	2023.11.20 18:01:29	1.24969	0	0	""	0	AI Volume Supertrend
412	AUDNZD	buy	1.08757	1.0851960758656691	1.0899439241343307	0.1	0	0	2023-11-20 12:00:14.630680 +00:00	2023.11.20 18:01:40	1.08774	0	0	""	0	SentimentRangeMa
413	EURUSD	buy	1.0923	1.0888768665748594	1.0957231334251407	0.1	0	0	2023-11-20 12:00:18.401527 +00:00	2023.11.20 18:01:45	1.09404	0	0	""	0	AI Volume Supertrend
414	AUDNZD	buy	1.08757	1.083983984004298	1.0911560159957019	0.1	0	0	2023-11-20 12:00:22.704503 +00:00	2023.11.20 18:01:48	1.08777	0	0	""	0	Super AI Trend
418	GBPCAD	buy	1.71164	1.7069847897071977	1.7162952102928024	0.1	0	0	2023-11-20 12:45:04.516933 +00:00	2023.11.20 18:01:55	1.71583	0	0	""	0	SSL Hybrid
419	EURUSD	buy	1.09296	1.0885691409757585	1.0973508590242413	0.1	0	0	2023-11-20 12:45:07.004679 +00:00	2023.11.20 18:02:01	1.09404	0	0	""	0	SSL + Wave Trend Strategy
431	GBPUSD	buy	1.24839	1.2440329211500205	1.2527470788499797	0.1	0	0	2023-11-20 14:45:07.535161 +00:00	2023.11.20 18:02:07	1.24974	0	0	""	0	T3-NNFX
420	EURUSD	buy	1.09296	1.0886531549521132	1.0972668450478866	0.1	0	0	2023-11-20 12:45:08.508743 +00:00	2023.11.20 18:02:12	1.09406	0	0	""	0	SSL + Wave Trend Strategy
421	EURUSD	buy	1.09296	1.089602768974143	1.0963172310258569	0.1	0	0	2023-11-20 12:45:09.924009 +00:00	2023.11.20 18:02:18	1.09407	0	0	""	0	SSL Hybrid
432	GBPUSD	buy	1.24839	1.2440336400942598	1.2527463599057405	0.1	0	0	2023-11-20 14:45:09.710572 +00:00	2023.11.20 18:02:19	1.2497	0	0	""	0	SSL Hybrid
425	EURUSD	buy	1.09302	1.088725303359779	1.0973146966402212	0.1	0	0	2023-11-20 13:30:08.517610 +00:00	2023.11.20 18:02:22	1.09409	0	0	""	0	SSL Hybrid
430	GBPCAD	buy	1.71234	1.7084403001543327	1.7162396998456673	0.1	0	0	2023-11-20 14:30:10.199300 +00:00	2023.11.20 18:02:22	1.71581	0	0	""	0	SSL Hybrid
422	GBPUSD	buy	1.2472	1.2428351813944285	1.2515648186055717	0.1	0	0	2023-11-20 13:00:04.605939 +00:00	2023.11.20 18:02:45	1.24959	0	0	""	0	AI Volume Supertrend
415	EURCHF	buy	0.96598	0.9626905723653114	0.9692694276346885	0.1	0	0	2023-11-20 12:15:05.030086 +00:00	2023.11.20 18:02:50	0.96735	0	0	""	0	SSL Hybrid
416	EURCHF	buy	0.96598	0.9635708886608423	0.9683891113391576	0.1	0	0	2023-11-20 12:15:08.079930 +00:00	2023.11.20 18:02:56	0.96736	0	0	""	0	SSL + Wave Trend Strategy
417	USDCAD	buy	1.37252	1.3688046215952097	1.3762353784047903	0.1	0	0	2023-11-20 12:15:10.422165 +00:00	2023.11.20 18:03:01	1.37336	0	0	""	0	VHMA
423	EURUSD	buy	1.09299	1.0896480958948394	1.0963319041051605	0.1	0	0	2023-11-20 13:00:09.135355 +00:00	2023.11.20 18:03:07	1.0942	0	0	""	0	AI Volume Supertrend
434	GBPUSD	buy	1.24839	1.244543699220963	1.2522363007790371	0.1	0	0	2023-11-20 14:45:13.126546 +00:00	2023.11.20 18:03:12	1.24953	0	0	""	0	SSL + Wave Trend Strategy
440	XAGUSD	buy	23.49	23.216160807307215	23.76383919269278	0.1	0	0	2023-11-20 14:45:24.135206 +00:00	2023.11.20 18:03:18	23.5	0	0	""	0	SSL Hybrid
436	GBPUSD	buy	1.24839	1.243380613958371	1.2533993860416293	0.1	0	0	2023-11-20 14:45:16.516952 +00:00	2023.11.20 18:03:28	1.24947	0	0	""	0	GaussianChannelTrendAI
437	EURUSD	buy	1.09383	1.089508100981548	1.0981518990184522	0.1	0	0	2023-11-20 14:45:18.298485 +00:00	2023.11.20 18:03:34	1.09423	0	0	""	0	SSL Hybrid
426	USDCAD	buy	1.37244	1.3683752196485288	1.3765047803514714	0.1	0	0	2023-11-20 14:15:10.161768 +00:00	2023.11.20 18:03:39	1.37355	0	0	""	0	VHMA
427	USDCAD	buy	1.37244	1.3687345717383699	1.3761454282616303	0.1	0	0	2023-11-20 14:15:11.450167 +00:00	2023.11.20 18:03:45	1.37346	0	0	""	0	SSL Hybrid
428	USDCAD	buy	1.37244	1.368424350229378	1.3764556497706222	0.1	0	0	2023-11-20 14:15:12.738839 +00:00	2023.11.20 18:03:50	1.37347	0	0	""	0	T3-NNFX
424	CHFJPY	buy	167.76	166.2437151260805	169.27628487391948	0.1	0	0	2023-11-20 13:15:08.704750 +00:00	2023.11.20 18:03:56	167.831	0	0	""	0	SSL Hybrid
438	EURUSD	buy	1.09383	1.0894325028545568	1.0982274971454433	0.1	0	0	2023-11-20 14:45:20.085870 +00:00	2023.11.20 18:04:00	1.0943	0	0	""	0	T3-JMaCrossover
439	EURUSD	buy	1.09383	1.0904536660527917	1.0972063339472085	0.1	0	0	2023-11-20 14:45:22.067499 +00:00	2023.11.20 18:04:07	1.09434	0	0	""	0	T3-NNFX
441	XAGUSD	buy	23.49	23.222052649283334	23.757947350716663	0.1	0	0	2023-11-20 14:45:25.861136 +00:00	2023.11.20 18:04:17	23.5	0	0	""	0	Super AI Trend
442	GBPUSD	buy	1.24931	1.2437639715543716	1.2548560284456283	0.1	0	0	2023-11-20 15:00:11.219851 +00:00	2023.11.20 18:04:20	1.24959	0	0	""	0	AI Volume Supertrend
443	EURUSD	buy	1.09405	1.0901295210632262	1.0979704789367737	0.1	0	0	2023-11-20 15:00:21.104791 +00:00	2023.11.20 18:04:28	1.09441	0	0	""	0	AI Volume Supertrend
444	EURCHF	buy	0.96662	0.9641909538409108	0.9690490461590893	0.1	0	0	2023-11-20 15:45:13.196783 +00:00	2023.11.20 18:04:34	0.96742	0	0	""	0	SSL Hybrid
411	GBPUSD	buy	1.24708	1.2418311131714974	1.2523288868285025	0.1	0	0	2023-11-20 12:00:08.500520 +00:00	2023.11.20 18:01:35	1.24971	0	0	""	0	AI Volume Supertrend
433	GBPUSD	buy	1.24839	1.2434542178225534	1.2533257821774468	0.1	0	0	2023-11-20 14:45:11.446250 +00:00	2023.11.20 18:02:19	1.2497	0	0	""	0	SSL + Wave Trend Strategy
435	GBPUSD	buy	1.24839	1.2446290583929802	1.25215094160702	0.1	0	0	2023-11-20 14:45:14.818532 +00:00	2023.11.20 18:03:23	1.24951	0	0	""	0	T3-TrendAI
429	XAGUSD	buy	23.4145	23.177866304507727	23.651133695492273	0.1	0	0	2023-11-20 14:15:14.753427 +00:00	2023.11.20 18:04:12	23.501	0	0	""	0	SSL Hybrid
446	GBPUSD	buy	1.24924	1.2447209144303306	1.2537590855696692	0.1	0	0	2023-11-20 16:00:07.436470 +00:00	2023.11.20 18:04:39	1.24981	0	0	""	0	AI Volume Supertrend
447	EURCHF	buy	0.96721	0.9636088597286991	0.9708111402713009	0.1	0	0	2023-11-20 16:00:13.004773 +00:00	2023.11.20 18:04:44	0.96738	0	0	""	0	T3-NNFX
448	EURUSD	buy	1.09382	1.0904595079620816	1.0971804920379185	0.1	0	0	2023-11-20 16:00:14.377555 +00:00	2023.11.20 18:04:50	1.09444	0	0	""	0	SSL Hybrid
449	EURUSD	buy	1.09382	1.0904781546422058	1.0971618453577943	0.1	0	0	2023-11-20 16:00:16.494332 +00:00	2023.11.20 18:04:56	1.09445	0	0	""	0	AI Volume Supertrend
450	USDCAD	buy	1.37356	1.3701700029632529	1.376949997036747	0.1	0	0	2023-11-20 16:30:09.383580 +00:00	""	0	0	0	""	0	SSL Hybrid
